package,lead_minutes,run_type,event_seed,timing_seed,seed_label,comparison,candidate,reference,task,metric,valid_windows,blocks,candidate_score,reference_score,difference,reduction_pct,difference_low,difference_high,reduction_low,reduction_high
np025,15,primary,41,43,event41_timing43,joint_vs_power,joint_raw88,power20,state,return_brier,6996,12,0.16449797913072148,0.16010054456176206,0.004397434568959413,-2.7466705881584286,-0.0004188926678314421,0.009192837249269642,-5.543536793307438,0.26503953029415706
np025,15,primary,41,43,event41_timing43,joint_vs_power,joint_raw88,power20,state,multiclass_brier,6996,12,0.5615382004618155,0.5756118546472161,-0.01407365418540063,2.4449903301637432,-0.030441130544164422,-0.0015415203578442883,0.26568266641457255,5.408340493227466
np025,15,primary,41,43,event41_timing43,joint_vs_power,joint_raw88,power20,downward_timing,conditional_rps,2653,10,0.1535572482658362,0.154843951975543,-0.0012867037097067935,0.8309680121765584,-0.004511714985120012,0.001904831126773852,-1.2073978878337204,2.932853909127117
np025,15,primary,41,43,event41_timing43,joint_vs_power,joint_raw88,power20,downward_timing,conditional_median_mae_minutes,2653,10,50.399547681869585,50.95929136826234,-0.559743686392757,1.0984134028625192,-1.5578046738237956,0.4078446993376446,-0.79655846124214,3.082225614316595
np025,15,primary,41,43,event41_timing43,weather_summary20_vs_noise20,weather_summary20,noise20,state,return_brier,6996,12,0.1703910028724853,0.20754445663902388,-0.037153453766538586,17.901443559708518,-0.05351421993454089,-0.021466285711796842,12.594129843583424,22.744237019563922
np025,15,primary,41,43,event41_timing43,weather_summary20_vs_noise20,weather_summary20,noise20,state,multiclass_brier,6996,12,0.6079216173517908,0.8420819801654333,-0.2341603628136425,27.807311916072585,-0.29921302833580965,-0.16105650159250545,22.441041168452518,31.84650969172932
np025,15,primary,41,43,event41_timing43,weather_summary20_vs_noise20,weather_summary20,noise20,downward_timing,conditional_rps,2653,10,0.16706048694034722,0.1678359861173964,-0.0007754991770491659,0.4620577475600074,-0.002366758109075146,0.000762950697126912,-0.46269880178080536,1.372004416827531
np025,15,primary,41,43,event41_timing43,weather_summary20_vs_noise20,weather_summary20,noise20,downward_timing,conditional_median_mae_minutes,2653,10,56.03090840557859,56.15529589144365,-0.1243874858650571,0.2215062424486436,-1.0830405226450073,0.7311497620200345,-1.3437501693918978,1.8878653554681137
np025,15,primary,41,43,event41_timing43,weather_projection20_vs_noise20,weather_projection20,noise20,state,return_brier,6996,12,0.174518749238684,0.20754445663902388,-0.03302570740033989,15.91259431119404,-0.049303797835254605,-0.016313584887022236,9.973158824923264,20.603129587012795
np025,15,primary,41,43,event41_timing43,weather_projection20_vs_noise20,weather_projection20,noise20,state,multiclass_brier,6996,12,0.6167145609354427,0.8420819801654333,-0.2253674192299906,26.76312099514533,-0.2994657436140559,-0.14479661774086106,20.55468321496544,31.434532796591462
np025,15,primary,41,43,event41_timing43,weather_projection20_vs_noise20,weather_projection20,noise20,downward_timing,conditional_rps,2653,10,0.17193216936764885,0.1678359861173964,0.004096183250252461,-2.440586995084182,0.0024217634943179737,0.005632769614921697,-3.4235613104852276,-1.4071526524828566
np025,15,primary,41,43,event41_timing43,weather_projection20_vs_noise20,weather_projection20,noise20,downward_timing,conditional_median_mae_minutes,2653,10,57.715793441387106,56.15529589144365,1.560497549943456,-2.778896496173977,0.6372199265445595,2.378254305413233,-4.327344888396158,-1.1056842308212147
np025,15,primary,41,43,event41_timing43,power_weather_summary40_vs_power_noise40,power_weather_summary40,power_noise40,state,return_brier,6996,12,0.16000988784276468,0.16014840899480545,-0.00013852115204077142,0.08649549059539519,-0.003518818938724952,0.0032940293604300673,-2.0354446524482106,2.2846415193183063
np025,15,primary,41,43,event41_timing43,power_weather_summary40_vs_power_noise40,power_weather_summary40,power_noise40,state,multiclass_brier,6996,12,0.5451432304965822,0.580364626402148,-0.03522139590556583,6.068839192339082,-0.049604693393819,-0.02189368153928024,3.5907541697246437,9.066450466494326
np025,15,primary,41,43,event41_timing43,power_weather_summary40_vs_power_noise40,power_weather_summary40,power_noise40,downward_timing,conditional_rps,2653,10,0.15390725214444567,0.15340501600904577,0.0005022361353999028,-0.32739225122226934,-0.0017250499805194607,0.0029274970651093405,-1.8345868699451588,1.1307030635728312
np025,15,primary,41,43,event41_timing43,power_weather_summary40_vs_power_noise40,power_weather_summary40,power_noise40,downward_timing,conditional_median_mae_minutes,2653,10,50.55785902751602,50.80663399924614,-0.2487749717301213,0.4896505675495266,-0.8633436033280381,0.45422146304770383,-0.8714458204523495,1.7323643205427186
np025,15,primary,41,43,event41_timing43,power_weather_projection40_vs_power_noise40,power_weather_projection40,power_noise40,state,return_brier,6996,12,0.16202424106813748,0.16014840899480545,0.0018758320733320288,-1.1713085912660404,-0.002408013276970143,0.006187606591035657,-4.194985692302799,1.504058468320111
np025,15,primary,41,43,event41_timing43,power_weather_projection40_vs_power_noise40,power_weather_projection40,power_noise40,state,multiclass_brier,6996,12,0.5574140648124307,0.580364626402148,-0.02295056158971731,3.9545073124105823,-0.037583130824359226,-0.009841364907403477,1.8277251142037727,6.2600051018670735
np025,15,primary,41,43,event41_timing43,power_weather_projection40_vs_power_noise40,power_weather_projection40,power_noise40,downward_timing,conditional_rps,2653,10,0.15611927783955684,0.15340501600904577,0.002714261830511072,-1.7693435984850847,0.0003225395078545218,0.005556947710067812,-3.5180509560132096,-0.21606314438957028
np025,15,primary,41,43,event41_timing43,power_weather_projection40_vs_power_noise40,power_weather_projection40,power_noise40,downward_timing,conditional_median_mae_minutes,2653,10,51.72823218997362,50.80663399924614,0.9215981907274795,-1.8139327843311737,0.2882270883251071,1.6289336520791202,-3.1146521031077676,-0.5828960548268889
np025,15,robust,42,44,event42_timing44,joint_vs_power,joint_raw88,power20,state,return_brier,6996,12,0.16335155564369958,0.15975257725996245,0.003598978383737128,-2.25284527202374,-0.000670299703180198,0.008046526996807019,-4.848800067341038,0.4294566233855246
np025,15,robust,42,44,event42_timing44,joint_vs_power,joint_raw88,power20,state,multiclass_brier,6996,12,0.5603233207882379,0.5743616892103763,-0.014038368422138459,2.44416866337972,-0.02866707039285384,-0.0019377691609325407,0.3548055236042028,5.072542244986701
np025,15,robust,42,44,event42_timing44,joint_vs_power,joint_raw88,power20,downward_timing,conditional_rps,2653,10,0.15367159779616962,0.15493932078470318,-0.0012677229885335595,0.8182061094066162,-0.004557831973880374,0.002407832845727239,-1.489139541100442,2.9745190339902967
np025,15,robust,42,44,event42_timing44,joint_vs_power,joint_raw88,power20,downward_timing,conditional_median_mae_minutes,2653,10,50.33735393893705,51.145872597059935,-0.8085186581228854,1.58080919743534,-1.7576936847804385,0.16838901796202507,-0.3180915397636014,3.465174548970753
np025,15,robust,42,44,event42_timing44,weather_summary20_vs_noise20,weather_summary20,noise20,state,return_brier,6996,12,0.1705386323287987,0.2086577943774764,-0.038119162048677685,18.268745800944053,-0.05499986875403132,-0.02210455267545838,12.933528372757321,23.107507535945494
np025,15,robust,42,44,event42_timing44,weather_summary20_vs_noise20,weather_summary20,noise20,state,multiclass_brier,6996,12,0.6074573467328294,0.8546289197699176,-0.24717157303708825,28.921508191371704,-0.3160620845871543,-0.17156344813096638,23.572426792661552,32.95956029878028
np025,15,robust,42,44,event42_timing44,weather_summary20_vs_noise20,weather_summary20,noise20,downward_timing,conditional_rps,2653,10,0.1672390561981051,0.1678278806501567,-0.0005888244520515784,0.35085019829274033,-0.0025659284344060214,0.0016162035156570915,-0.976938021137872,1.4929811805895683
np025,15,robust,42,44,event42_timing44,weather_summary20_vs_noise20,weather_summary20,noise20,downward_timing,conditional_median_mae_minutes,2653,10,55.736901620806634,56.27402940067848,-0.5371277798718452,0.9544860845976166,-1.7257320451048936,0.5537309947351357,-1.010215147083701,2.988270393206565
np025,15,robust,42,44,event42_timing44,weather_projection20_vs_noise20,weather_projection20,noise20,state,return_brier,6996,12,0.17815270640316994,0.2086577943774764,-0.030505087974306455,14.619673358149587,-0.04572534988498669,-0.01476180278392161,8.976817096956303,19.069216726381523
np025,15,robust,42,44,event42_timing44,weather_projection20_vs_noise20,weather_projection20,noise20,state,multiclass_brier,6996,12,0.6247925952847169,0.8546289197699176,-0.22983632448520075,26.893113393246402,-0.3058788210736231,-0.1464733690988353,20.72626908686267,31.538999883263525
np025,15,robust,42,44,event42_timing44,weather_projection20_vs_noise20,weather_projection20,noise20,downward_timing,conditional_rps,2653,10,0.17233636819401746,0.1678278806501567,0.0045084875438607674,-2.6863757835677404,0.0017350645649811189,0.007042025265408692,-4.308013887776517,-1.0190775821150517
np025,15,robust,42,44,event42_timing44,weather_projection20_vs_noise20,weather_projection20,noise20,downward_timing,conditional_median_mae_minutes,2653,10,57.857142857142854,56.27402940067848,1.5831134564643747,-2.8132221440771543,0.3298150127677809,2.692972641451899,-4.9299141035817025,-0.5697113390169641
np025,15,robust,42,44,event42_timing44,power_weather_summary40_vs_power_noise40,power_weather_summary40,power_noise40,state,return_brier,6996,12,0.16061976207072257,0.16055605317207183,6.370889865073281e-05,-0.03968015991426821,-0.003826246866192578,0.003977117172857585,-2.3937045778441797,2.44058363997246
np025,15,robust,42,44,event42_timing44,power_weather_summary40_vs_power_noise40,power_weather_summary40,power_noise40,state,multiclass_brier,6996,12,0.5457134878886009,0.5789772668048552,-0.033263778916254316,5.745265112017927,-0.04808287727697924,-0.02015953498734403,3.2750106150923965,8.761036735373894
np025,15,robust,42,44,event42_timing44,power_weather_summary40_vs_power_noise40,power_weather_summary40,power_noise40,downward_timing,conditional_rps,2653,10,0.15397436656275404,0.1544513361336071,-0.000476969570853053,0.30881543843716,-0.0031657999641028283,0.0023862362806108157,-1.520617400469631,2.0822330386796195
np025,15,robust,42,44,event42_timing44,power_weather_summary40_vs_power_noise40,power_weather_summary40,power_noise40,downward_timing,conditional_median_mae_minutes,2653,10,50.49566528458349,50.98190727478327,-0.48624199019977965,0.9537540201841055,-1.2800826777224992,0.34508579694580954,-0.6721687616863337,2.5340391435102405
np025,15,robust,42,44,event42_timing44,power_weather_projection40_vs_power_noise40,power_weather_projection40,power_noise40,state,return_brier,6996,12,0.16169227737096747,0.16055605317207183,0.0011362241988956412,-0.707680698701485,-0.002961113908400813,0.00517258860399532,-3.535536996035079,1.8230854522774285
np025,15,robust,42,44,event42_timing44,power_weather_projection40_vs_power_noise40,power_weather_projection40,power_noise40,state,multiclass_brier,6996,12,0.5576382429176393,0.5789772668048552,-0.02133902388721587,3.6856410623818503,-0.03574728737064327,-0.008465665507881104,1.56623690013994,6.040221983877082
np025,15,robust,42,44,event42_timing44,power_weather_projection40_vs_power_noise40,power_weather_projection40,power_noise40,downward_timing,conditional_rps,2653,10,0.15583155614389274,0.1544513361336071,0.0013802200102856488,-0.8936277567011208,-0.0009244155715582347,0.004043152917533542,-2.548420547538156,0.6184125306885367
np025,15,robust,42,44,event42_timing44,power_weather_projection40_vs_power_noise40,power_weather_projection40,power_noise40,downward_timing,conditional_median_mae_minutes,2653,10,51.46814926498304,50.98190727478327,0.48624199019977254,-0.9537540201840944,-0.370043578081294,1.3643498741149411,-2.6237826418111547,0.7396663690821699
np025,15,robust,43,45,event43_timing45,joint_vs_power,joint_raw88,power20,state,return_brier,6996,12,0.1643069175982991,0.15991860801598481,0.004388309582314287,-2.7440894069536093,-7.205823991507372e-06,0.008869282557544622,-5.345655334457566,0.004910842321480871
np025,15,robust,43,45,event43_timing45,joint_vs_power,joint_raw88,power20,state,multiclass_brier,6996,12,0.562581772519228,0.575117728847166,-0.012535956327938025,2.179720029334964,-0.027866994916442782,-0.0009612829994787385,0.16984930167285556,4.976361909249589
np025,15,robust,43,45,event43_timing45,joint_vs_power,joint_raw88,power20,downward_timing,conditional_rps,2653,10,0.15313571472151397,0.1548972214575545,-0.00176150673604053,1.1372100283433606,-0.0050496837020898,0.0015970730246518167,-1.016969913696234,3.290969935739761
np025,15,robust,43,45,event43_timing45,joint_vs_power,joint_raw88,power20,downward_timing,conditional_median_mae_minutes,2653,10,50.241236336223146,51.10064078401809,-0.8594044477949438,1.68178800619605,-1.855340374133345,0.08124500672778062,-0.1592396665727308,3.6444999332935977
np025,15,robust,43,45,event43_timing45,weather_summary20_vs_noise20,weather_summary20,noise20,state,return_brier,6996,12,0.17162437687651647,0.20528465573649946,-0.03366027885998299,16.39688009764785,-0.0496281554385578,-0.018456234411292245,10.962062786268545,21.600066162388966
np025,15,robust,43,45,event43_timing45,weather_summary20_vs_noise20,weather_summary20,noise20,state,multiclass_brier,6996,12,0.6107165276541977,0.8300871948500939,-0.21937066719589615,26.427424559357583,-0.28125510305616463,-0.14956135478579746,20.89440718394481,30.54063042229201
np025,15,robust,43,45,event43_timing45,weather_summary20_vs_noise20,weather_summary20,noise20,downward_timing,conditional_rps,2653,10,0.1676058167449096,0.16767913253035854,-7.331578544894635e-05,0.04372385778872445,-0.0020723878547350117,0.0019147330510959422,-1.1571407633667796,1.2162911384656874
np025,15,robust,43,45,event43_timing45,weather_summary20_vs_noise20,weather_summary20,noise20,downward_timing,conditional_median_mae_minutes,2653,10,56.27402940067848,56.189219751225025,0.08480964945345448,-0.15093580197222956,-1.1058637544908305,1.1136638471177909,-2.0347248511712563,1.9188354410208937
np025,15,robust,43,45,event43_timing45,weather_projection20_vs_noise20,weather_projection20,noise20,state,return_brier,6996,12,0.17645597335780605,0.20528465573649946,-0.028828682378693404,14.043271902259225,-0.04386872914014902,-0.013755917810799476,8.378844607873145,18.531855519047678
np025,15,robust,43,45,event43_timing45,weather_projection20_vs_noise20,weather_projection20,noise20,state,multiclass_brier,6996,12,0.6193900781933892,0.8300871948500939,-0.21069711665670465,25.38252824087409,-0.28088168847375317,-0.1331868801194685,19.09548857590699,30.126664122829453
np025,15,robust,43,45,event43_timing45,weather_projection20_vs_noise20,weather_projection20,noise20,downward_timing,conditional_rps,2653,10,0.17244621131925422,0.16767913253035854,0.004767078788895679,-2.8429767717414567,0.0022648306428734613,0.0070012621613899885,-4.250790355795794,-1.3242497889630047
np025,15,robust,43,45,event43_timing45,weather_projection20_vs_noise20,weather_projection20,noise20,downward_timing,conditional_median_mae_minutes,2653,10,57.84018092725217,56.189219751225025,1.6509611760271454,-2.93821694505938,0.5974970008030145,2.53737083336741,-4.655666296430465,-1.035768537737594
np025,15,robust,43,45,event43_timing45,power_weather_summary40_vs_power_noise40,power_weather_summary40,power_noise40,state,return_brier,6996,12,0.1603224566139567,0.16000594069078697,0.00031651592316972454,-0.19781510724117268,-0.0037351136568667676,0.004330466996379391,-2.6287439792680956,2.4150269446152035
np025,15,robust,43,45,event43_timing45,power_weather_summary40_vs_power_noise40,power_weather_summary40,power_noise40,state,multiclass_brier,6996,12,0.5465037012441482,0.5781057314266954,-0.03160203018254726,5.466479307263961,-0.04703077249065242,-0.018419217317930444,2.9678151607364183,8.58880820962906
np025,15,robust,43,45,event43_timing45,power_weather_summary40_vs_power_noise40,power_weather_summary40,power_noise40,downward_timing,conditional_rps,2653,10,0.15392293356122425,0.15419232667131913,-0.0002693931100948843,0.17471239711501774,-0.002966956936886961,0.0027620087227477057,-1.7466427941592415,1.9522065407993867
np025,15,robust,43,45,event43_timing45,power_weather_summary40_vs_power_noise40,power_weather_summary40,power_noise40,downward_timing,conditional_median_mae_minutes,2653,10,50.55220505088579,51.03844704108556,-0.48624199019977254,0.9526974631660523,-1.4061154992530827,0.549071610696809,-1.0502360403244109,2.7776376380400896
np025,15,robust,43,45,event43_timing45,power_weather_projection40_vs_power_noise40,power_weather_projection40,power_noise40,state,return_brier,6996,12,0.16217925439779196,0.16000594069078697,0.0021733137070049924,-1.358270635216563,-0.0021115332167695685,0.006420167733865206,-4.363018660275812,1.322643387866528
np025,15,robust,43,45,event43_timing45,power_weather_projection40_vs_power_noise40,power_weather_projection40,power_noise40,state,multiclass_brier,6996,12,0.5573902590053147,0.5781057314266954,-0.02071547242138072,3.5833362818004644,-0.035443259739765476,-0.00743834531966455,1.3549301164098948,6.01398952140381
np025,15,robust,43,45,event43_timing45,power_weather_projection40_vs_power_noise40,power_weather_projection40,power_noise40,downward_timing,conditional_rps,2653,10,0.15575027906339042,0.15419232667131913,0.0015579523920712934,-1.0103955402348097,-0.0007715702012262724,0.004386718350838756,-2.7408887498925205,0.5187282971863687
np025,15,robust,43,45,event43_timing45,power_weather_projection40_vs_power_noise40,power_weather_projection40,power_noise40,downward_timing,conditional_median_mae_minutes,2653,10,51.225028269883154,51.03844704108556,0.18658122879759276,-0.36556995679628557,-0.6099270752628982,1.1361726541005324,-2.162920121511905,1.2163365741852383
np025,60,primary,41,43,event41_timing43,joint_vs_power,joint_raw88,power20,state,return_brier,6996,12,0.16640052545262962,0.16415439643544236,0.002246129017187265,-1.3683026869588666,-0.0027202750586839243,0.006968768912200929,-4.2084890850411565,1.7020235856508499
np025,60,primary,41,43,event41_timing43,joint_vs_power,joint_raw88,power20,state,multiclass_brier,6996,12,0.5833765109543664,0.60008963726144,-0.016713126307073667,2.7851049692085073,-0.03519093606578768,-0.0013079494258362151,0.21606903207355255,6.069021151791398
np025,60,primary,41,43,event41_timing43,joint_vs_power,joint_raw88,power20,downward_timing,conditional_rps,2653,10,0.16012517778235938,0.16142663523709067,-0.0013014574547312863,0.8062222524924723,-0.0037705726334870604,0.0012672348380006733,-0.7589261667848574,2.3650802324663123
np025,60,primary,41,43,event41_timing43,joint_vs_power,joint_raw88,power20,downward_timing,conditional_median_mae_minutes,2653,10,52.84206558612891,53.4074632491519,-0.565397663022992,1.058649163667158,-1.3919965258945322,0.30727793096286943,-0.5808177933177833,2.617364608575314
np025,60,primary,41,43,event41_timing43,weather_summary20_vs_noise20,weather_summary20,noise20,state,return_brier,6996,12,0.17052655421091775,0.2063988558715354,-0.03587230166061764,17.3800874569503,-0.0517336146324245,-0.020621041219009883,12.223643125645431,22.209991208381634
np025,60,primary,41,43,event41_timing43,weather_summary20_vs_noise20,weather_summary20,noise20,state,multiclass_brier,6996,12,0.6074099916818122,0.8341783859943953,-0.2267683943125831,27.184640374284008,-0.28914866264157285,-0.15662406400745207,21.769165734140238,31.243995031069844
np025,60,primary,41,43,event41_timing43,weather_summary20_vs_noise20,weather_summary20,noise20,downward_timing,conditional_rps,2653,10,0.16706048694034722,0.1678359861173964,-0.0007754991770491659,0.4620577475600074,-0.0023667581090752016,0.0007629506971269113,-0.46269880178078315,1.3720044168275414
np025,60,primary,41,43,event41_timing43,weather_summary20_vs_noise20,weather_summary20,noise20,downward_timing,conditional_median_mae_minutes,2653,10,56.03090840557859,56.15529589144365,-0.1243874858650571,0.2215062424486436,-1.0830405226450073,0.7311497620200345,-1.3437501693918978,1.8878653554681137
np025,60,primary,41,43,event41_timing43,weather_projection20_vs_noise20,weather_projection20,noise20,state,return_brier,6996,12,0.17486315193733398,0.2063988558715354,-0.03153570393420141,15.279011020211042,-0.04712392484848163,-0.015263000794492528,9.477481215483618,19.966159135127885
np025,60,primary,41,43,event41_timing43,weather_projection20_vs_noise20,weather_projection20,noise20,state,multiclass_brier,6996,12,0.6174784740563156,0.8341783859943953,-0.2166999119380797,25.977646457449165,-0.2883185466739049,-0.13791102767242133,19.796136198850956,30.592055414139313
np025,60,primary,41,43,event41_timing43,weather_projection20_vs_noise20,weather_projection20,noise20,downward_timing,conditional_rps,2653,10,0.17216713257815883,0.1678359861173964,0.004331146460762436,-2.580582723023972,0.002633418867067848,0.0059056876729543795,-3.582167699283745,-1.5283796332726511
np025,60,primary,41,43,event41_timing43,weather_projection20_vs_noise20,weather_projection20,noise20,downward_timing,conditional_median_mae_minutes,2653,10,57.76667923105918,56.15529589144365,1.6113833396155286,-2.8695126862666065,0.6895795498630706,2.396712563437667,-4.369098565607376,-1.1991557947344735
np025,60,primary,41,43,event41_timing43,power_weather_summary40_vs_power_noise40,power_weather_summary40,power_noise40,state,return_brier,6996,12,0.16420810060259097,0.163879679141166,0.00032842146142497697,-0.20040401784169326,-0.0044491399023163635,0.004806895800570141,-2.9563953479384923,2.7439377954054636
np025,60,primary,41,43,event41_timing43,power_weather_summary40_vs_power_noise40,power_weather_summary40,power_noise40,state,multiclass_brier,6996,12,0.5686151836902011,0.6027957558848573,-0.0341805721946562,5.670340552494735,-0.05132369991760271,-0.018476304681145205,2.942172444143786,9.033259218648332
np025,60,primary,41,43,event41_timing43,power_weather_summary40_vs_power_noise40,power_weather_summary40,power_noise40,downward_timing,conditional_rps,2653,10,0.16107650731989112,0.1602887517862036,0.0007877555336875119,-0.49146027086057753,-0.0020621270384806683,0.003850641535468751,-2.3810370588195284,1.291184066372754
np025,60,primary,41,43,event41_timing43,power_weather_summary40_vs_power_noise40,power_weather_summary40,power_noise40,downward_timing,conditional_median_mae_minutes,2653,10,53.39050131926121,52.94383716547305,0.4466641537881628,-0.8436565570269172,-0.3701266233282551,1.4794785257717284,-2.7845137352018066,0.7033867490451582
np025,60,primary,41,43,event41_timing43,power_weather_projection40_vs_power_noise40,power_weather_projection40,power_noise40,state,return_brier,6996,12,0.16553950277198465,0.163879679141166,0.001659823630818652,-1.0128306569290313,-0.0038804204950149876,0.006971201233780378,-4.709527133874953,2.341121855292156
np025,60,primary,41,43,event41_timing43,power_weather_projection40_vs_power_noise40,power_weather_projection40,power_noise40,state,multiclass_brier,6996,12,0.5764798604559942,0.6027957558848573,-0.026315895428863145,4.365640463117304,-0.0441939675699034,-0.011166676887246435,1.950648338740717,7.079883313746004
np025,60,primary,41,43,event41_timing43,power_weather_projection40_vs_power_noise40,power_weather_projection40,power_noise40,downward_timing,conditional_rps,2653,10,0.16214888881556444,0.1602887517862036,0.001860137029360831,-1.1604913062408295,-0.0011588331407013778,0.0051158110744386085,-3.1588694387146505,0.7356894845974186
np025,60,primary,41,43,event41_timing43,power_weather_projection40_vs_power_noise40,power_weather_projection40,power_noise40,downward_timing,conditional_median_mae_minutes,2653,10,53.70147003392386,52.94383716547305,0.7576328684508127,-1.4310123878684466,-0.2099392900860762,1.8204424519655058,-3.394519744158756,0.403771191016093
np025,120,primary,41,43,event41_timing43,joint_vs_power,joint_raw88,power20,state,return_brier,6996,12,0.16597148369552853,0.16658046313415645,-0.0006089794386279213,0.36557674721883204,-0.006750945552902688,0.004870763226323655,-2.8390306058026336,4.23005116385632
np025,120,primary,41,43,event41_timing43,joint_vs_power,joint_raw88,power20,state,multiclass_brier,6996,12,0.5925626901686234,0.6156173907040825,-0.023054700535459105,3.7449722641999084,-0.04674334735199551,-0.0028887098661351247,0.43861246250463615,7.630554477236632
np025,120,primary,41,43,event41_timing43,joint_vs_power,joint_raw88,power20,downward_timing,conditional_rps,2653,10,0.16748046926308877,0.1644505466017027,0.0030299226613860752,-1.8424521681429828,-0.00029445237711435077,0.006634745730987828,-3.950654470839241,0.18287307247980428
np025,120,primary,41,43,event41_timing43,joint_vs_power,joint_raw88,power20,downward_timing,conditional_median_mae_minutes,2653,10,55.635130041462496,54.47041085563513,1.1647191858273658,-2.1382603280049928,0.05354991713325106,2.40369078819121,-4.390251684903578,-0.09977435481897359
np025,120,primary,41,43,event41_timing43,weather_summary20_vs_noise20,weather_summary20,noise20,state,return_brier,6996,12,0.17034499875244782,0.20660376042590406,-0.036258761673456236,17.549904028227992,-0.05235415739159118,-0.021162896986911938,12.365548570607235,22.3627955641531
np025,120,primary,41,43,event41_timing43,weather_summary20_vs_noise20,weather_summary20,noise20,state,multiclass_brier,6996,12,0.6071829162190281,0.8353830085375747,-0.22820009231854665,27.316822342129598,-0.2910954162287384,-0.15812121257587422,21.87058745927954,31.416857336974484
np025,120,primary,41,43,event41_timing43,weather_summary20_vs_noise20,weather_summary20,noise20,downward_timing,conditional_rps,2653,10,0.16706048694034722,0.1678359861173964,-0.0007754991770491659,0.4620577475600074,-0.0023667581090751726,0.0007629506971268842,-0.4626988017807826,1.3720044168275414
np025,120,primary,41,43,event41_timing43,weather_summary20_vs_noise20,weather_summary20,noise20,downward_timing,conditional_median_mae_minutes,2653,10,56.03090840557859,56.15529589144365,-0.1243874858650571,0.2215062424486436,-1.0830405226450073,0.7311497620200345,-1.3437501693918978,1.8878653554681137
np025,120,primary,41,43,event41_timing43,weather_projection20_vs_noise20,weather_projection20,noise20,state,return_brier,6996,12,0.17447691185187963,0.20660376042590406,-0.032126848574024425,15.549982491991631,-0.04809736920452775,-0.01573220742860153,9.748443637090118,20.171214428689574
np025,120,primary,41,43,event41_timing43,weather_projection20_vs_noise20,weather_projection20,noise20,state,multiclass_brier,6996,12,0.617100577982816,0.8353830085375747,-0.2182824305547587,26.129622978193545,-0.2911013211619974,-0.13838151416423286,19.84381887007964,30.826049102028957
np025,120,primary,41,43,event41_timing43,weather_projection20_vs_noise20,weather_projection20,noise20,downward_timing,conditional_rps,2653,10,0.17221270955882576,0.1678359861173964,0.004376723441429364,-2.6077383895298567,0.002663064118039327,0.00592919682155914,-3.583154091850621,-1.5549386327273447
np025,120,primary,41,43,event41_timing43,weather_projection20_vs_noise20,weather_projection20,noise20,downward_timing,conditional_median_mae_minutes,2653,10,57.930644553335846,56.15529589144365,1.7753486618921954,-3.1614981876761927,0.7090220436562193,2.710411298721282,-4.887281251510324,-1.2385861214657354
np025,120,primary,41,43,event41_timing43,power_weather_summary40_vs_power_noise40,power_weather_summary40,power_noise40,state,return_brier,6996,12,0.1655935062598898,0.16701160693711598,-0.0014181006772261695,0.8491030672856836,-0.007874989288844109,0.004123381857424226,-2.4428383393143536,5.085739396930736
np025,120,primary,41,43,event41_timing43,power_weather_summary40_vs_power_noise40,power_weather_summary40,power_noise40,state,multiclass_brier,6996,12,0.5813216821508707,0.6199496416420005,-0.03862795949112985,6.230822134007486,-0.06098103760544289,-0.01860562988833097,2.9045733003281953,10.26483425399162
np025,120,primary,41,43,event41_timing43,power_weather_summary40_vs_power_noise40,power_weather_summary40,power_noise40,downward_timing,conditional_rps,2653,10,0.16417934409696452,0.162722144013045,0.0014572000839195298,-0.8955143092280737,-0.001433257208547395,0.004775124506595835,-2.907857051063669,0.8864109333256293
np025,120,primary,41,43,event41_timing43,power_weather_summary40_vs_power_noise40,power_weather_summary40,power_noise40,downward_timing,conditional_median_mae_minutes,2653,10,54.340369393139845,54.31209950998869,0.028269883151153863,-0.05205080158234843,-1.0542998451449406,1.2733491225542903,-2.327250396333409,1.9428932132962662
np025,120,primary,41,43,event41_timing43,power_weather_projection40_vs_power_noise40,power_weather_projection40,power_noise40,state,return_brier,6996,12,0.168081202211671,0.16701160693711598,0.0010695952745550241,-0.6404317006289073,-0.007181428414155067,0.008133266613593003,-5.181552198140189,4.215128032371968
np025,120,primary,41,43,event41_timing43,power_weather_projection40_vs_power_noise40,power_weather_projection40,power_noise40,state,multiclass_brier,6996,12,0.5920777728073544,0.6199496416420005,-0.027871868834646096,4.495827880604075,-0.04827238845786224,-0.011373253526727191,1.9272852534393277,7.6757337777787615
np025,120,primary,41,43,event41_timing43,power_weather_projection40_vs_power_noise40,power_weather_projection40,power_noise40,downward_timing,conditional_rps,2653,10,0.16568929158068998,0.162722144013045,0.00296714756764499,-1.8234442433398224,-4.564435291769317e-05,0.006399670887953987,-3.8905495069801397,0.02861272668685143
np025,120,primary,41,43,event41_timing43,power_weather_projection40_vs_power_noise40,power_weather_projection40,power_noise40,downward_timing,conditional_median_mae_minutes,2653,10,54.97361477572559,54.31209950998869,0.6615152657369023,-1.2179887570268555,-0.4933803109302083,1.9098153409090906,-3.479891009099563,0.9085055214688335
np025,240,primary,41,43,event41_timing43,joint_vs_power,joint_raw88,power20,state,return_brier,6996,12,0.17218662680462932,0.1733884809493932,-0.0012018541447638698,0.6931568568933066,-0.00869518384643082,0.0058134831481055325,-3.0576335323263466,5.2074326190478315
np025,240,primary,41,43,event41_timing43,joint_vs_power,joint_raw88,power20,state,multiclass_brier,6996,12,0.6101653943130622,0.6440337500421701,-0.03386835572910796,5.258785851966663,-0.06773967929320272,-0.0019939884732795296,0.31340534224996136,10.894748534127805
np025,240,primary,41,43,event41_timing43,joint_vs_power,joint_raw88,power20,downward_timing,conditional_rps,2653,10,0.18255613277274932,0.16666954805004197,0.015886584722707348,-9.531786045245315,0.008549335337546442,0.02518864915286335,-14.729381266886765,-5.2231024571080935
np025,240,primary,41,43,event41_timing43,joint_vs_power,joint_raw88,power20,downward_timing,conditional_median_mae_minutes,2653,10,60.288352808141724,55.459856765925366,4.828496042216358,-8.706290141706585,2.91027356876363,6.9606950711558495,-12.317730915222503,-5.37695620921466
np025,240,primary,41,43,event41_timing43,weather_summary20_vs_noise20,weather_summary20,noise20,state,return_brier,6996,12,0.17064278408832095,0.2060956034199906,-0.03545281933166963,17.20212306490708,-0.051154824398374016,-0.020770340081060247,12.115164248037486,21.910541358598305
np025,240,primary,41,43,event41_timing43,weather_summary20_vs_noise20,weather_summary20,noise20,state,multiclass_brier,6996,12,0.6071711829707771,0.8285073817899402,-0.2213361988191631,26.715054528660875,-0.28306612570905737,-0.1535704498439562,21.336262879951583,30.785244398698467
np025,240,primary,41,43,event41_timing43,weather_summary20_vs_noise20,weather_summary20,noise20,downward_timing,conditional_rps,2653,10,0.16706048694034722,0.1678359861173964,-0.0007754991770491659,0.4620577475600074,-0.002366758109075146,0.0007629506971269113,-0.4626988017807837,1.372004416827531
np025,240,primary,41,43,event41_timing43,weather_summary20_vs_noise20,weather_summary20,noise20,downward_timing,conditional_median_mae_minutes,2653,10,56.03090840557859,56.15529589144365,-0.1243874858650571,0.2215062424486436,-1.0830405226450073,0.7311497620200345,-1.3437501693918978,1.8878653554681137
np025,240,primary,41,43,event41_timing43,weather_projection20_vs_noise20,weather_projection20,noise20,state,return_brier,6996,12,0.17471097162918986,0.2060956034199906,-0.03138463179080073,15.228190834737877,-0.04652632361180253,-0.016037098669310634,9.891052066195288,19.545464476010327
np025,240,primary,41,43,event41_timing43,weather_projection20_vs_noise20,weather_projection20,noise20,state,multiclass_brier,6996,12,0.6166001231004822,0.8285073817899402,-0.21190725868945803,25.57699102591521,-0.28177123000358684,-0.13492792923927432,19.474265469810636,30.186966396214153
np025,240,primary,41,43,event41_timing43,weather_projection20_vs_noise20,weather_projection20,noise20,downward_timing,conditional_rps,2653,10,0.17206184990847792,0.1678359861173964,0.00422586379108153,-2.517853226140465,0.002052948040146856,0.0061014077887156315,-3.719879364513732,-1.1981591919131642
np025,240,primary,41,43,event41_timing43,weather_projection20_vs_noise20,weather_projection20,noise20,downward_timing,conditional_median_mae_minutes,2653,10,57.6196758386732,56.15529589144365,1.4643799472295527,-2.607732581554578,0.2873483403259531,2.446467568448501,-4.441687480799309,-0.5069464566915777
np025,240,primary,41,43,event41_timing43,power_weather_summary40_vs_power_noise40,power_weather_summary40,power_noise40,state,return_brier,6996,12,0.17144636475409922,0.173252877719023,-0.0018065129649237899,1.0427030065575882,-0.010073338971893907,0.005763673015346265,-3.140623219400269,6.077582401313891
np025,240,primary,41,43,event41_timing43,power_weather_summary40_vs_power_noise40,power_weather_summary40,power_noise40,state,multiclass_brier,6996,12,0.6028465024341775,0.6505131474263557,-0.04766664499217821,7.327545212692954,-0.07985909674126072,-0.016919739173310414,2.488866215429784,12.908465574740342
np025,240,primary,41,43,event41_timing43,power_weather_summary40_vs_power_noise40,power_weather_summary40,power_noise40,downward_timing,conditional_rps,2653,10,0.16816996557612718,0.16531870405205695,0.0028512615240702255,-1.7247059492871308,0.0012663062431292852,0.0048153398875813765,-2.84268117112157,-0.7731879994069524
np025,240,primary,41,43,event41_timing43,power_weather_summary40_vs_power_noise40,power_weather_summary40,power_noise40,downward_timing,conditional_median_mae_minutes,2653,10,56.00263852242744,55.22804372408594,0.7745947983414965,-1.4025389025388968,0.310986277677063,1.308095215107732,-2.355424479883614,-0.5719307853930589
np025,240,primary,41,43,event41_timing43,power_weather_projection40_vs_power_noise40,power_weather_projection40,power_noise40,state,return_brier,6996,12,0.17421969346582572,0.173252877719023,0.0009668157468027128,-0.5580373379833192,-0.006700352034277774,0.007740265174346505,-4.507730589298081,3.9164386695811237
np025,240,primary,41,43,event41_timing43,power_weather_projection40_vs_power_noise40,power_weather_projection40,power_noise40,state,multiclass_brier,6996,12,0.6144058214885093,0.6505131474263557,-0.03610732593784638,5.550591264865112,-0.06232829348543403,-0.014498703955986339,2.2063104541607954,9.654255588100593
np025,240,primary,41,43,event41_timing43,power_weather_projection40_vs_power_noise40,power_weather_projection40,power_noise40,downward_timing,conditional_rps,2653,10,0.1685507106891855,0.16531870405205695,0.003232006637128554,-1.9550157108120247,0.001135140242827786,0.005235895685527303,-3.193505792973915,-0.6677512122362356
np025,240,primary,41,43,event41_timing43,power_weather_projection40_vs_power_noise40,power_weather_projection40,power_noise40,downward_timing,conditional_median_mae_minutes,2653,10,56.23445156426687,55.22804372408594,1.0064078401809269,-1.8222768222768249,0.26002685341489756,1.8112019934631642,-3.29221718350664,-0.4657729157474626
np025,240,robust,42,44,event42_timing44,joint_vs_power,joint_raw88,power20,state,return_brier,6996,12,0.17240232488766755,0.17283044701791794,-0.0004281221302503968,0.24771221601134208,-0.007452922940158752,0.00623531233208156,-3.2279088005364263,4.558268205684305
np025,240,robust,42,44,event42_timing44,joint_vs_power,joint_raw88,power20,state,multiclass_brier,6996,12,0.6103652412397278,0.643274601345349,-0.03290936010562118,5.1159116241795255,-0.06702639243451806,-0.0019232789383170081,0.28159891013559124,10.829898511196637
np025,240,robust,42,44,event42_timing44,joint_vs_power,joint_raw88,power20,downward_timing,conditional_rps,2653,10,0.17866790364450044,0.16649508817303468,0.012172815471465759,-7.311215967413287,0.006065075788761957,0.01983648517097891,-11.617173216092779,-3.71020874509014
np025,240,robust,42,44,event42_timing44,joint_vs_power,joint_raw88,power20,downward_timing,conditional_median_mae_minutes,2653,10,59.423294383716545,55.57293629852997,3.8503580851865777,-6.928476955946672,2.0790394123751166,5.809455442743972,-10.212272487600382,-3.7749674792753507
np025,240,robust,42,44,event42_timing44,weather_summary20_vs_noise20,weather_summary20,noise20,state,return_brier,6996,12,0.1706918903612405,0.20828329978243035,-0.03759140942118985,18.048210999373104,-0.05393031833302208,-0.021732394017111925,12.750298380103736,22.821585574053085
np025,240,robust,42,44,event42_timing44,weather_summary20_vs_noise20,weather_summary20,noise20,state,multiclass_brier,6996,12,0.6083621220145955,0.84387028935025,-0.2355081673356545,27.908100368954493,-0.3009544735011799,-0.1623543843555392,22.59975578659992,31.95833808640974
np025,240,robust,42,44,event42_timing44,weather_summary20_vs_noise20,weather_summary20,noise20,downward_timing,conditional_rps,2653,10,0.1672390561981051,0.16782788065015672,-0.0005888244520516062,0.35085019829275144,-0.0025659284344060214,0.001616203515657063,-0.9769380211378714,1.4929811805895683
np025,240,robust,42,44,event42_timing44,weather_summary20_vs_noise20,weather_summary20,noise20,downward_timing,conditional_median_mae_minutes,2653,10,55.736901620806634,56.27402940067848,-0.5371277798718452,0.9544860845976166,-1.7257320451048936,0.5537309947351357,-1.010215147083701,2.988270393206565
np025,240,robust,42,44,event42_timing44,weather_projection20_vs_noise20,weather_projection20,noise20,state,return_brier,6996,12,0.17719529552082888,0.20828329978243035,-0.031088004261601465,14.925826647683959,-0.04708222939373378,-0.01486658983451,8.980901949396442,19.621022583399334
np025,240,robust,42,44,event42_timing44,weather_projection20_vs_noise20,weather_projection20,noise20,state,multiclass_brier,6996,12,0.6218973159858543,0.84387028935025,-0.2219729733643957,26.304157897928484,-0.2961542949998311,-0.14090218057837167,20.175010729041613,30.991328219750915
np025,240,robust,42,44,event42_timing44,weather_projection20_vs_noise20,weather_projection20,noise20,downward_timing,conditional_rps,2653,10,0.17200871497798711,0.16782788065015672,0.004180834327830396,-2.4911440885948544,0.0014283836717002036,0.006617651481264895,-4.022465962444658,-0.8313623984329471
np025,240,robust,42,44,event42_timing44,weather_projection20_vs_noise20,weather_projection20,noise20,downward_timing,conditional_median_mae_minutes,2653,10,57.82321899736148,56.27402940067848,1.549189596683,-2.7529388124183596,0.27599605230523017,2.6581639478203103,-4.83357351375159,-0.48403188089901167
np025,240,robust,42,44,event42_timing44,power_weather_summary40_vs_power_noise40,power_weather_summary40,power_noise40,state,return_brier,6996,12,0.17064460228796727,0.17304833505742795,-0.0024037327694606814,1.389052815020142,-0.010478319466372888,0.004903923177545255,-2.6316544756486397,6.366306101693723
np025,240,robust,42,44,event42_timing44,power_weather_summary40_vs_power_noise40,power_weather_summary40,power_noise40,state,multiclass_brier,6996,12,0.6003432191276522,0.648681354631991,-0.04833813550433874,7.451753493325219,-0.08076870705798403,-0.017797599027063155,2.6564854116364627,12.984314250579356
np025,240,robust,42,44,event42_timing44,power_weather_summary40_vs_power_noise40,power_weather_summary40,power_noise40,downward_timing,conditional_rps,2653,10,0.16892187518686835,0.16518563756746524,0.0037362376194031155,-2.2618416918221307,0.0019637472718693275,0.0058729004216789196,-3.5059150804074597,-1.2035523222627724
np025,240,robust,42,44,event42_timing44,power_weather_summary40_vs_power_noise40,power_weather_summary40,power_noise40,downward_timing,conditional_median_mae_minutes,2653,10,56.268375424048244,55.00188465887674,1.266490765171504,-2.3026315789473673,0.6022890070518716,2.032927953193663,-3.6576739532682185,-1.1168328112423653
np025,240,robust,42,44,event42_timing44,power_weather_projection40_vs_power_noise40,power_weather_projection40,power_noise40,state,return_brier,6996,12,0.17433879124194102,0.17304833505742795,0.0012904561845130669,-0.7457200810887965,-0.0061829006711197135,0.007737468220567214,-4.493753936110101,3.617351751762935
np025,240,robust,42,44,event42_timing44,power_weather_projection40_vs_power_noise40,power_weather_projection40,power_noise40,state,multiclass_brier,6996,12,0.614815398146726,0.648681354631991,-0.033865956485264914,5.220738386180024,-0.05748238858093658,-0.015417284643676997,2.3931231415380387,8.863204046049647
np025,240,robust,42,44,event42_timing44,power_weather_projection40_vs_power_noise40,power_weather_projection40,power_noise40,downward_timing,conditional_rps,2653,10,0.16817006015864144,0.16518563756746524,0.0029844225911762057,-1.80670827992373,0.0013272359580991217,0.0048339116009332985,-2.935151857255827,-0.8027174029768698
np025,240,robust,42,44,event42_timing44,power_weather_projection40_vs_power_noise40,power_weather_projection40,power_noise40,downward_timing,conditional_median_mae_minutes,2653,10,56.11571805503204,55.00188465887674,1.1138333961553002,-2.025082236842124,0.5312794012558328,1.7832618025751037,-3.230360345894515,-0.9788014016376813
np025,240,robust,43,45,event43_timing45,joint_vs_power,joint_raw88,power20,state,return_brier,6996,12,0.17193975122086955,0.17282139280395106,-0.0008816415830815161,0.5101460928981449,-0.008195408464685689,0.005924120501028931,-3.1572070535241537,4.9366548559012635
np025,240,robust,43,45,event43_timing45,joint_vs_power,joint_raw88,power20,state,multiclass_brier,6996,12,0.6086296360296048,0.6417616633696782,-0.03313202734007337,5.1626685156149765,-0.0666200627057018,-0.0010059294924012361,0.1372277617606779,10.93853734430574
np025,240,robust,43,45,event43_timing45,joint_vs_power,joint_raw88,power20,downward_timing,conditional_rps,2653,10,0.1766055217219057,0.16614736733388002,0.010458154388025664,-6.294505026377917,0.0056980530565201425,0.01660393771371052,-9.817156247027983,-3.4637264813210016
np025,240,robust,43,45,event43_timing45,joint_vs_power,joint_raw88,power20,downward_timing,conditional_median_mae_minutes,2653,10,58.948360346777235,55.43724085940445,3.5111194873727882,-6.3335033146354025,1.9596680108053075,5.231087388340734,-9.202423655996768,-3.540767799098683
np025,240,robust,43,45,event43_timing45,weather_summary20_vs_noise20,weather_summary20,noise20,state,return_brier,6996,12,0.17178020376378894,0.20723907369462638,-0.03545886993083744,17.11012759258288,-0.0515622744004871,-0.020366070746914013,11.830428476980707,22.042584489047183
np025,240,robust,43,45,event43_timing45,weather_summary20_vs_noise20,weather_summary20,noise20,state,multiclass_brier,6996,12,0.6121027138601595,0.8318593295819157,-0.2197566157217562,26.417521317240467,-0.281841570372567,-0.15050844150496495,21.002061585924217,30.477065486650307
np025,240,robust,43,45,event43_timing45,weather_summary20_vs_noise20,weather_summary20,noise20,downward_timing,conditional_rps,2653,10,0.1676058167449096,0.16767913253035854,-7.331578544894635e-05,0.04372385778872445,-0.0020723878547350126,0.0019147330510959429,-1.15714076336678,1.2162911384657205
np025,240,robust,43,45,event43_timing45,weather_summary20_vs_noise20,weather_summary20,noise20,downward_timing,conditional_median_mae_minutes,2653,10,56.27402940067848,56.189219751225025,0.08480964945345448,-0.15093580197222956,-1.1058637544908305,1.1136638471177909,-2.0347248511712563,1.9188354410208937
np025,240,robust,43,45,event43_timing45,weather_projection20_vs_noise20,weather_projection20,noise20,state,return_brier,6996,12,0.17645429226208045,0.20723907369462638,-0.030784781432545927,14.85471869938404,-0.04653542279328592,-0.015129290442086572,9.09677269484945,19.48896412385795
np025,240,robust,43,45,event43_timing45,weather_projection20_vs_noise20,weather_projection20,noise20,state,multiclass_brier,6996,12,0.6198672824973178,0.8318593295819157,-0.21199204708459785,25.484122080008763,-0.28345586542935,-0.1333212095819166,19.04712579258827,30.19244948001844
np025,240,robust,43,45,event43_timing45,weather_projection20_vs_noise20,weather_projection20,noise20,downward_timing,conditional_rps,2653,10,0.17261458620074674,0.16767913253035854,0.004935453670388196,-2.9433917005114774,0.0022011878452073224,0.007319505180975691,-4.456656718489316,-1.2830420431640384
np025,240,robust,43,45,event43_timing45,weather_projection20_vs_noise20,weather_projection20,noise20,downward_timing,conditional_median_mae_minutes,2653,10,57.93629852996607,56.189219751225025,1.7470787787410487,-3.1092775206278844,0.6315164639410968,2.6710120882541735,-4.869748900608327,-1.0972497453163872
np025,240,robust,43,45,event43_timing45,power_weather_summary40_vs_power_noise40,power_weather_summary40,power_noise40,state,return_brier,6996,12,0.17073411599660895,0.17315303584765487,-0.0024189198510459198,1.3969837948288433,-0.011132579410315042,0.005156835666269566,-2.724722020330599,6.640756417244876
np025,240,robust,43,45,event43_timing45,power_weather_summary40_vs_power_noise40,power_weather_summary40,power_noise40,state,multiclass_brier,6996,12,0.6000061679983191,0.6498352337827945,-0.049829065784475435,7.667953843378495,-0.08425599656807883,-0.01800046430088843,2.592410246175963,13.580384260226724
np025,240,robust,43,45,event43_timing45,power_weather_summary40_vs_power_noise40,power_weather_summary40,power_noise40,downward_timing,conditional_rps,2653,10,0.1688116612373216,0.1650018625869527,0.0038097986503689008,-2.3089428147280433,0.002284122260277215,0.005594188674709312,-3.3425576466128675,-1.4155473024433716
np025,240,robust,43,45,event43_timing45,power_weather_summary40_vs_power_noise40,power_weather_summary40,power_noise40,downward_timing,conditional_median_mae_minutes,2653,10,56.22314361100641,54.94534489257445,1.27779871843196,-2.325581395348819,0.7488986868925662,1.9088353846354376,-3.493970393411509,-1.367077532024086
np025,240,robust,43,45,event43_timing45,power_weather_projection40_vs_power_noise40,power_weather_projection40,power_noise40,state,return_brier,6996,12,0.17362602883665573,0.17315303584765487,0.00047299298900085884,-0.27316471044551704,-0.007418135340732934,0.007673188090241293,-4.398471928309072,4.365763489233058
np025,240,robust,43,45,event43_timing45,power_weather_projection40_vs_power_noise40,power_weather_projection40,power_noise40,state,multiclass_brier,6996,12,0.6136611065270012,0.6498352337827945,-0.036174127255793276,5.566661420498531,-0.06370330371486507,-0.015239837116142048,2.3081337814337877,9.798458166198
np025,240,robust,43,45,event43_timing45,power_weather_projection40_vs_power_noise40,power_weather_projection40,power_noise40,downward_timing,conditional_rps,2653,10,0.16877188025035553,0.1650018625869527,0.0037700176634028193,-2.2848333978145785,0.0022268342142760813,0.005248031358015078,-3.1899267493050987,-1.3357816563742033
np025,240,robust,43,45,event43_timing45,power_weather_projection40_vs_power_noise40,power_weather_projection40,power_noise40,downward_timing,conditional_median_mae_minutes,2653,10,56.460610629476065,54.94534489257445,1.5152657369016183,-2.7577690882897743,0.8420103058310534,2.203658106191901,-4.024775149435032,-1.5171506894743894
np025,480,primary,41,43,event41_timing43,joint_vs_power,joint_raw88,power20,state,return_brier,6996,12,0.1746193826230548,0.1793285586116106,-0.004709175988555803,2.6260044830644813,-0.01274569483561751,0.0023881235679987702,-1.3739270006686044,6.8189554748202275
np025,480,primary,41,43,event41_timing43,joint_vs_power,joint_raw88,power20,state,multiclass_brier,6996,12,0.6245506894435242,0.6703295986151322,-0.045778909171607984,6.829313410326043,-0.07705688385899091,-0.015072528294725884,2.1830214200546156,11.711442434696421
np025,480,primary,41,43,event41_timing43,joint_vs_power,joint_raw88,power20,downward_timing,conditional_rps,2653,10,0.1823256691969171,0.16655073774970425,0.015774931447212842,-9.471547025459426,0.009574153712856866,0.023641392197738694,-13.890491840658424,-5.871178419988664
np025,480,primary,41,43,event41_timing43,joint_vs_power,joint_raw88,power20,downward_timing,conditional_median_mae_minutes,2653,10,61.07425555974368,55.70863173765549,5.365623822088196,-9.631584289049,2.8450108095067974,8.391095986439732,-14.858795375736003,-5.267579422971816
np025,480,primary,41,43,event41_timing43,weather_summary20_vs_noise20,weather_summary20,noise20,state,return_brier,6996,12,0.17072339034959874,0.20515689637992174,-0.034433506030323,16.783986616056513,-0.050241519077358465,-0.019425344902228574,11.56187490870379,21.57770102251683
np025,480,primary,41,43,event41_timing43,weather_summary20_vs_noise20,weather_summary20,noise20,state,multiclass_brier,6996,12,0.6078148730358812,0.8214694249676758,-0.2136545519317946,26.008825823335023,-0.27421903075086734,-0.14677292347904436,20.61258897795179,30.10149280676669
np025,480,primary,41,43,event41_timing43,weather_summary20_vs_noise20,weather_summary20,noise20,downward_timing,conditional_rps,2653,10,0.16706048694034722,0.1678359861173964,-0.0007754991770491659,0.4620577475600074,-0.002366758109075201,0.000762950697126885,-0.46269880178080536,1.3720044168275416
np025,480,primary,41,43,event41_timing43,weather_summary20_vs_noise20,weather_summary20,noise20,downward_timing,conditional_median_mae_minutes,2653,10,56.03090840557859,56.15529589144365,-0.1243874858650571,0.2215062424486436,-1.0830405226450073,0.7311497620200345,-1.3437501693918978,1.8878653554681137
np025,480,primary,41,43,event41_timing43,weather_projection20_vs_noise20,weather_projection20,noise20,state,return_brier,6996,12,0.1751856066272082,0.20515689637992174,-0.029971289752713542,14.608960401316917,-0.04459252096915911,-0.015042103410763135,9.279801845655063,18.891138111024137
np025,480,primary,41,43,event41_timing43,weather_projection20_vs_noise20,weather_projection20,noise20,state,multiclass_brier,6996,12,0.6171822230858108,0.8214694249676758,-0.204287201881865,24.868509487118594,-0.2738351987415621,-0.1281326322676026,18.761303569174448,29.55996323858557
np025,480,primary,41,43,event41_timing43,weather_projection20_vs_noise20,weather_projection20,noise20,downward_timing,conditional_rps,2653,10,0.17229539577435915,0.1678359861173964,0.0044594096569627595,-2.6570044721181185,0.002131838607483563,0.006499143246130652,-3.942902329970392,-1.2550081531160004
np025,480,primary,41,43,event41_timing43,weather_projection20_vs_noise20,weather_projection20,noise20,downward_timing,conditional_median_mae_minutes,2653,10,57.74971730116849,56.15529589144365,1.5944214097248377,-2.8393072895690707,0.38542634528220765,2.5482699270183744,-4.638091823806309,-0.6681275959246451
np025,480,primary,41,43,event41_timing43,power_weather_summary40_vs_power_noise40,power_weather_summary40,power_noise40,state,return_brier,6996,12,0.17203132887524775,0.18074431152613435,-0.008712982650886603,4.820612376299749,-0.016093070907752662,-0.0021327742997987393,1.1818767785752293,8.699566597187474
np025,480,primary,41,43,event41_timing43,power_weather_summary40_vs_power_noise40,power_weather_summary40,power_noise40,state,multiclass_brier,6996,12,0.6155106229976837,0.68148119654606,-0.06597057354837632,9.680468644290396,-0.09657029640315501,-0.03609375847363922,5.162665146566056,14.47239112223438
np025,480,primary,41,43,event41_timing43,power_weather_summary40_vs_power_noise40,power_weather_summary40,power_noise40,downward_timing,conditional_rps,2653,10,0.16916926860097717,0.16667530879180398,0.0024939598091731907,-1.496298298321097,0.0005413762656889274,0.004424198467105047,-2.6249943100611923,-0.32674676694937266
np025,480,primary,41,43,event41_timing43,power_weather_summary40_vs_power_noise40,power_weather_summary40,power_noise40,downward_timing,conditional_median_mae_minutes,2653,10,56.47191858273653,55.58989822842066,0.8820203543158698,-1.586655817738003,0.0681391910558526,1.7590928459050779,-3.144272571024165,-0.12545702729743366
np025,480,primary,41,43,event41_timing43,power_weather_projection40_vs_power_noise40,power_weather_projection40,power_noise40,state,return_brier,6996,12,0.17611981734606158,0.18074431152613435,-0.004624494180072769,2.558583526654501,-0.011518526030696155,0.001318586205745378,-0.8235952848347944,6.1860081789739745
np025,480,primary,41,43,event41_timing43,power_weather_projection40_vs_power_noise40,power_weather_projection40,power_noise40,state,multiclass_brier,6996,12,0.6295341871490927,0.68148119654606,-0.05194700939696728,7.62266217472316,-0.07444935708106822,-0.03181682353403542,4.805877984675408,10.703133887811367
np025,480,primary,41,43,event41_timing43,power_weather_projection40_vs_power_noise40,power_weather_projection40,power_noise40,downward_timing,conditional_rps,2653,10,0.168750650698913,0.16667530879180398,0.002075341907109035,-1.2451405803011628,0.0001684241363811942,0.004126281216770361,-2.4920950630937364,-0.1004554914567022
np025,480,primary,41,43,event41_timing43,power_weather_projection40_vs_power_noise40,power_weather_projection40,power_noise40,downward_timing,conditional_median_mae_minutes,2653,10,56.09875612514135,55.58989822842066,0.5088578967206914,-0.9153783563873086,-0.3532227922576192,1.472352909891406,-2.674330643682382,0.6350893961929908
np025,720,primary,41,43,event41_timing43,joint_vs_power,joint_raw88,power20,state,return_brier,6996,12,0.1746784792273339,0.181834166110472,-0.007155686883138113,3.9352818209041796,-0.01741845781256726,0.001941533623597664,-1.0475637676762732,9.427353149991488
np025,720,primary,41,43,event41_timing43,joint_vs_power,joint_raw88,power20,state,multiclass_brier,6996,12,0.6214292345521085,0.6887725529816229,-0.06734331842951435,9.777294135486713,-0.10391887361927869,-0.031725977558969706,4.60622641476441,15.154069266022214
np025,720,primary,41,43,event41_timing43,joint_vs_power,joint_raw88,power20,downward_timing,conditional_rps,2653,10,0.1682036851354772,0.1693964082263413,-0.0011927230908641007,0.7041017595074583,-0.0036116071520746348,0.0008789931061917196,-0.5177222232176121,2.1062381602572637
np025,720,primary,41,43,event41_timing43,joint_vs_power,joint_raw88,power20,downward_timing,conditional_median_mae_minutes,2653,10,55.82171127026008,56.63022992838296,-0.8085186581228783,1.4277156549520775,-1.930922204838411,0.3696047637465624,-0.6601848517584941,3.3625583965931756
np025,720,primary,41,43,event41_timing43,weather_summary20_vs_noise20,weather_summary20,noise20,state,return_brier,6996,12,0.17069402886579377,0.20475262453794224,-0.03405859567214847,16.63402154136352,-0.049962036568533624,-0.018972288539879735,11.286130582022443,21.453544887356145
np025,720,primary,41,43,event41_timing43,weather_summary20_vs_noise20,weather_summary20,noise20,state,multiclass_brier,6996,12,0.6088934006447579,0.8181189914157891,-0.2092255907710312,25.57398043149659,-0.26957182352283116,-0.14277006249962396,20.273575719437666,29.714673194718156
np025,720,primary,41,43,event41_timing43,weather_summary20_vs_noise20,weather_summary20,noise20,downward_timing,conditional_rps,2653,10,0.16706048694034722,0.1678359861173964,-0.0007754991770491659,0.4620577475600074,-0.0023667581090751994,0.0007629506971269113,-0.4626988017807826,1.3720044168275416
np025,720,primary,41,43,event41_timing43,weather_summary20_vs_noise20,weather_summary20,noise20,downward_timing,conditional_median_mae_minutes,2653,10,56.03090840557859,56.15529589144365,-0.1243874858650571,0.2215062424486436,-1.0830405226450073,0.7311497620200345,-1.3437501693918978,1.8878653554681137
np025,720,primary,41,43,event41_timing43,weather_projection20_vs_noise20,weather_projection20,noise20,state,return_brier,6996,12,0.17610396326197772,0.20475262453794224,-0.02864866127596452,13.99184080820205,-0.043265910497531,-0.013476490592240039,8.454931438009513,18.3851764552388
np025,720,primary,41,43,event41_timing43,weather_projection20_vs_noise20,weather_projection20,noise20,state,multiclass_brier,6996,12,0.6179032536272783,0.8181189914157891,-0.20021573778851087,24.472691612014675,-0.2685401728922239,-0.126295813269801,18.403946622218292,29.060253209610057
np025,720,primary,41,43,event41_timing43,weather_projection20_vs_noise20,weather_projection20,noise20,downward_timing,conditional_rps,2653,10,0.17243376714501912,0.1678359861173964,0.004597781027622733,-2.7394488714754583,0.0023210780576881154,0.006728618322225464,-4.055605810790183,-1.347303923767706
np025,720,primary,41,43,event41_timing43,weather_projection20_vs_noise20,weather_projection20,noise20,downward_timing,conditional_median_mae_minutes,2653,10,57.70448548812665,56.15529589144365,1.549189596683,-2.758759565042279,0.36230800814098657,2.5569366750471443,-4.683501342625995,-0.6283776800055799
np025,720,primary,41,43,event41_timing43,power_weather_summary40_vs_power_noise40,power_weather_summary40,power_noise40,state,return_brier,6996,12,0.17237046795269473,0.18333584639867326,-0.01096537844597853,5.981033530198864,-0.019785802254415667,-0.003419346253977583,1.935189496308027,10.250479757335878
np025,720,primary,41,43,event41_timing43,power_weather_summary40_vs_power_noise40,power_weather_summary40,power_noise40,state,multiclass_brier,6996,12,0.6169989794162754,0.6958334174486911,-0.07883443803241574,11.329498706955787,-0.11562475967431796,-0.04431887855566448,6.419054026686594,16.398168921978844
np025,720,primary,41,43,event41_timing43,power_weather_summary40_vs_power_noise40,power_weather_summary40,power_noise40,downward_timing,conditional_rps,2653,10,0.16834162750584367,0.16782725859724074,0.0005143689086029302,-0.3064871063867658,-0.0010911228931858475,0.0019627696755001424,-1.1930624890177155,0.6330768750219526
np025,720,primary,41,43,event41_timing43,power_weather_summary40_vs_power_noise40,power_weather_summary40,power_noise40,downward_timing,conditional_median_mae_minutes,2653,10,56.42668676969468,56.324915190350545,0.10177157934413827,-0.18068660911463308,-0.9030191372528963,0.9792909792909796,-1.7752302343365993,1.5624251860283835
np025,720,primary,41,43,event41_timing43,power_weather_projection40_vs_power_noise40,power_weather_projection40,power_noise40,state,return_brier,6996,12,0.17787990607407253,0.18333584639867326,-0.005455940324600728,2.9759266568832987,-0.01174890614538358,-4.8893018573383306e-06,0.0025816019489555155,6.192844497070592
np025,720,primary,41,43,event41_timing43,power_weather_projection40_vs_power_noise40,power_weather_projection40,power_noise40,state,multiclass_brier,6996,12,0.6401213832714991,0.6958334174486911,-0.05571203417719195,8.006518913889327,-0.0802926494995257,-0.030693867367053214,5.022496412478197,10.82055454612886
np025,720,primary,41,43,event41_timing43,power_weather_projection40_vs_power_noise40,power_weather_projection40,power_noise40,downward_timing,conditional_rps,2653,10,0.1710186686521146,0.16782725859724074,0.003191410054873861,-1.9016041145811347,0.0007515364720882552,0.005879391286044969,-3.529980718910597,-0.44798362503945016
np025,720,primary,41,43,event41_timing43,power_weather_projection40_vs_power_noise40,power_weather_projection40,power_noise40,downward_timing,conditional_median_mae_minutes,2653,10,57.031662269129285,56.324915190350545,0.70674707877874,-1.2547681188516346,-0.40445326092845396,1.9237300191951578,-3.478133017532507,0.7006868128938041
np025,720,robust,42,44,event42_timing44,joint_vs_power,joint_raw88,power20,state,return_brier,6996,12,0.1743917975395481,0.18081633366616776,-0.006424536126619668,3.5530728869223593,-0.01689997181961818,0.0027399977001324057,-1.4195332535873084,9.065326399422233
np025,720,robust,42,44,event42_timing44,joint_vs_power,joint_raw88,power20,state,multiclass_brier,6996,12,0.6214182709325019,0.682940696889462,-0.061522425956960114,9.008458016511778,-0.0979237810017982,-0.0270743003375171,4.002193707003528,14.35703450610542
np025,720,robust,42,44,event42_timing44,joint_vs_power,joint_raw88,power20,downward_timing,conditional_rps,2653,10,0.17120822490891274,0.169557723633381,0.001650501275531735,-0.9734155661941246,-0.0009002953380318804,0.003914677820151655,-2.308954944477094,0.5302964237522223
np025,720,robust,42,44,event42_timing44,joint_vs_power,joint_raw88,power20,downward_timing,conditional_median_mae_minutes,2653,10,57.13343384847342,56.66980776479457,0.4636260836788537,-0.8181183278459514,-0.5113734597007455,1.4921635867795513,-2.659389496661569,0.8868529326103683
np025,720,robust,42,44,event42_timing44,weather_summary20_vs_noise20,weather_summary20,noise20,state,return_brier,6996,12,0.17039646654371313,0.20701903640663755,-0.03662256986292442,17.690435864549414,-0.05306016600764604,-0.020976429283016556,12.363514557645393,22.52562347672442
np025,720,robust,42,44,event42_timing44,weather_summary20_vs_noise20,weather_summary20,noise20,state,multiclass_brier,6996,12,0.6075012964504841,0.8346887986066329,-0.2271875021561488,27.218228222949513,-0.2915312294919746,-0.1557188451506891,22.001687215073222,31.249781035406944
np025,720,robust,42,44,event42_timing44,weather_summary20_vs_noise20,weather_summary20,noise20,downward_timing,conditional_rps,2653,10,0.1672390561981051,0.1678278806501567,-0.0005888244520515784,0.35085019829274033,-0.0025659284344060214,0.0016162035156570623,-0.9769380211378714,1.4929811805895683
np025,720,robust,42,44,event42_timing44,weather_summary20_vs_noise20,weather_summary20,noise20,downward_timing,conditional_median_mae_minutes,2653,10,55.736901620806634,56.27402940067848,-0.5371277798718452,0.9544860845976166,-1.7257320451048936,0.5537309947351357,-1.010215147083701,2.988270393206565
np025,720,robust,42,44,event42_timing44,weather_projection20_vs_noise20,weather_projection20,noise20,state,return_brier,6996,12,0.17640424815647632,0.20701903640663755,-0.03061478825016123,14.788392788200444,-0.04677965626410938,-0.014188703756551367,8.6893909255584,19.49493571110989
np025,720,robust,42,44,event42_timing44,weather_projection20_vs_noise20,weather_projection20,noise20,state,multiclass_brier,6996,12,0.6226202757094313,0.8346887986066329,-0.21206852289720157,25.406896947846057,-0.28459395528226133,-0.13284535382812543,19.255573131556634,30.137322362960884
np025,720,robust,42,44,event42_timing44,weather_projection20_vs_noise20,weather_projection20,noise20,downward_timing,conditional_rps,2653,10,0.17285247111166785,0.1678278806501567,0.005024590461511158,-2.99389496074558,0.0021034475935946583,0.007570863728189196,-4.633113700167547,-1.2135618783134914
np025,720,robust,42,44,event42_timing44,weather_projection20_vs_noise20,weather_projection20,noise20,downward_timing,conditional_median_mae_minutes,2653,10,57.794949114210326,56.27402940067848,1.5209197135318462,-2.7027027027026973,0.108124373766902,2.7329503286484917,-4.998810355063957,-0.18547059967871973
np025,720,robust,42,44,event42_timing44,power_weather_summary40_vs_power_noise40,power_weather_summary40,power_noise40,state,return_brier,6996,12,0.17285173817752456,0.1838408810246164,-0.010989142847091848,5.977529473229836,-0.020523588505522574,-0.0025573816114694684,1.4360764396171166,10.829829793522828
np025,720,robust,42,44,event42_timing44,power_weather_summary40_vs_power_noise40,power_weather_summary40,power_noise40,state,multiclass_brier,6996,12,0.6178006170365435,0.6987774373449712,-0.08097682030842768,11.588356460978744,-0.1177180601439208,-0.04668861018574507,6.728135425686263,16.713629103071717
np025,720,robust,42,44,event42_timing44,power_weather_summary40_vs_power_noise40,power_weather_summary40,power_noise40,downward_timing,conditional_rps,2653,10,0.16827714351021156,0.1679102580896323,0.00036688542057924933,-0.21850089729682498,-0.0018560569799345305,0.002628062417849383,-1.5853333933095175,1.0821670689561822
np025,720,robust,42,44,event42_timing44,power_weather_summary40_vs_power_noise40,power_weather_summary40,power_noise40,downward_timing,conditional_median_mae_minutes,2653,10,56.11571805503204,56.341877120241236,-0.22615906520919538,0.4014049172102352,-1.367248786091747,0.7934597549262785,-1.436138458775369,2.3390266808650972
np025,720,robust,42,44,event42_timing44,power_weather_projection40_vs_power_noise40,power_weather_projection40,power_noise40,state,return_brier,6996,12,0.17804961346606935,0.1838408810246164,-0.0057912675585470585,3.150152200245171,-0.012420246809864125,-0.00011280792174438625,0.0747744587848321,6.403578062231631
np025,720,robust,42,44,event42_timing44,power_weather_projection40_vs_power_noise40,power_weather_projection40,power_noise40,state,multiclass_brier,6996,12,0.6386486038569895,0.6987774373449712,-0.0601288334879817,8.604861902302297,-0.08503692735994832,-0.03658829957712391,5.670951357608388,11.640519922387334
np025,720,robust,42,44,event42_timing44,power_weather_projection40_vs_power_noise40,power_weather_projection40,power_noise40,downward_timing,conditional_rps,2653,10,0.1709036152790862,0.1679102580896323,0.002993357189453899,-1.7827125176926417,0.0009595610488737409,0.005316176990269172,-3.216930636947754,-0.5615179223647947
np025,720,robust,42,44,event42_timing44,power_weather_projection40_vs_power_noise40,power_weather_projection40,power_noise40,downward_timing,conditional_median_mae_minutes,2653,10,57.048624199019976,56.341877120241236,0.70674707877874,-1.2543903662819877,-0.3372528861232539,1.8127961731012234,-3.2863605356694134,0.5788362859870605
np025,720,robust,43,45,event43_timing45,joint_vs_power,joint_raw88,power20,state,return_brier,6996,12,0.17545825598688458,0.18275539878361702,-0.0072971427967324365,3.9928466383487127,-0.017033035095492415,0.001121876891334923,-0.6134939031278236,9.047603887791064
np025,720,robust,43,45,event43_timing45,joint_vs_power,joint_raw88,power20,state,multiclass_brier,6996,12,0.6223466183807539,0.6905776960624506,-0.06823107768169667,9.88028980239848,-0.10341795148663341,-0.034748585925606826,5.06947718699024,14.846333674168529
np025,720,robust,43,45,event43_timing45,joint_vs_power,joint_raw88,power20,downward_timing,conditional_rps,2653,10,0.16886637303109162,0.1694048271706118,-0.0005384541395201947,0.3178505291221101,-0.0029769959098757937,0.0019373887634935387,-1.1488098735211498,1.7858828757860834
np025,720,robust,43,45,event43_timing45,joint_vs_power,joint_raw88,power20,downward_timing,conditional_median_mae_minutes,2653,10,56.33056916698078,56.70373162457595,-0.3731624575951713,0.6580915345497984,-1.4801697822903122,0.7563131126693237,-1.3221006124519157,2.5853884574357835
np025,720,robust,43,45,event43_timing45,weather_summary20_vs_noise20,weather_summary20,noise20,state,return_brier,6996,12,0.17106504517059007,0.2046129652155016,-0.03354792004491153,16.39579388802578,-0.04918699663314135,-0.01872260587171023,11.038518002890896,21.32061412422168
np025,720,robust,43,45,event43_timing45,weather_summary20_vs_noise20,weather_summary20,noise20,state,multiclass_brier,6996,12,0.6103609018821445,0.8132728362644652,-0.2029119343823207,24.950044478841605,-0.2609658958229943,-0.13766988864970503,19.616362446215213,29.022816478236262
np025,720,robust,43,45,event43_timing45,weather_summary20_vs_noise20,weather_summary20,noise20,downward_timing,conditional_rps,2653,10,0.1676058167449096,0.16767913253035854,-7.331578544894635e-05,0.04372385778872445,-0.0020723878547350126,0.0019147330510959429,-1.1571407633667796,1.2162911384657205
np025,720,robust,43,45,event43_timing45,weather_summary20_vs_noise20,weather_summary20,noise20,downward_timing,conditional_median_mae_minutes,2653,10,56.27402940067848,56.189219751225025,0.08480964945345448,-0.15093580197222956,-1.1058637544908305,1.1136638471177909,-2.0347248511712563,1.9188354410208937
np025,720,robust,43,45,event43_timing45,weather_projection20_vs_noise20,weather_projection20,noise20,state,return_brier,6996,12,0.17769572062048192,0.2046129652155016,-0.02691724459501968,13.15519989980597,-0.041515933882885964,-0.012248676337968292,7.6999167643162885,17.715991594282173
np025,720,robust,43,45,event43_timing45,weather_projection20_vs_noise20,weather_projection20,noise20,state,multiclass_brier,6996,12,0.6231370449671351,0.8132728362644652,-0.19013579129733016,23.379090364146947,-0.25566162326533615,-0.11851458052799105,17.32330800909491,27.999642773769416
np025,720,robust,43,45,event43_timing45,weather_projection20_vs_noise20,weather_projection20,noise20,downward_timing,conditional_rps,2653,10,0.17265468355768984,0.16767913253035854,0.004975551027331299,-2.9673048472089736,0.002606711606321537,0.006952963563598066,-4.2156255764812025,-1.5210886711840046
np025,720,robust,43,45,event43_timing45,weather_projection20_vs_noise20,weather_projection20,noise20,downward_timing,conditional_median_mae_minutes,2653,10,57.891066716924236,56.189219751225025,1.701846965699211,-3.0287784262427175,0.7085772420239038,2.428626794514676,-4.41494434741366,-1.236869609266152
np025,720,robust,43,45,event43_timing45,power_weather_summary40_vs_power_noise40,power_weather_summary40,power_noise40,state,return_brier,6996,12,0.17199670988206872,0.18379409916075037,-0.011797389278681653,6.418807422301076,-0.02101599815639599,-0.004007689311708189,2.2458060728655607,11.038971231838072
np025,720,robust,43,45,event43_timing45,power_weather_summary40_vs_power_noise40,power_weather_summary40,power_noise40,state,multiclass_brier,6996,12,0.6143031826386938,0.6974917982537775,-0.08318861561508373,11.92682348715105,-0.12148306692550422,-0.049043437363835644,7.066616768499868,17.198170716680135
np025,720,robust,43,45,event43_timing45,power_weather_summary40_vs_power_noise40,power_weather_summary40,power_noise40,downward_timing,conditional_rps,2653,10,0.16773530073500417,0.16785886571561937,-0.00012356498061519283,0.0736124243949865,-0.0017345985932493229,0.0016059531794325522,-0.9736823777314108,1.004843628635938
np025,720,robust,43,45,event43_timing45,power_weather_summary40_vs_power_noise40,power_weather_summary40,power_noise40,downward_timing,conditional_median_mae_minutes,2653,10,56.206181681115716,56.302299283829626,-0.09611760271391034,0.17071701144808493,-1.0691195569136702,0.8174539003032025,-1.4944667035471648,1.8248055523318127
np025,720,robust,43,45,event43_timing45,power_weather_projection40_vs_power_noise40,power_weather_projection40,power_noise40,state,return_brier,6996,12,0.17760992263564387,0.18379409916075037,-0.0061841765251064995,3.364730724949816,-0.012797058322410218,-0.0005797910451767659,0.37017968130130335,6.718327440168191
np025,720,robust,43,45,event43_timing45,power_weather_projection40_vs_power_noise40,power_weather_projection40,power_noise40,state,multiclass_brier,6996,12,0.6387052135595922,0.6974917982537775,-0.058786584694185295,8.42828329184112,-0.08425843077915819,-0.0346643710024738,5.579609197382479,11.459837219878743
np025,720,robust,43,45,event43_timing45,power_weather_projection40_vs_power_noise40,power_weather_projection40,power_noise40,downward_timing,conditional_rps,2653,10,0.17021746747490757,0.16785886571561937,0.0023586017592882036,-1.405110030520551,0.0001925264889301906,0.0048028379679164075,-2.8694269625241935,-0.1154262629966866
np025,720,robust,43,45,event43_timing45,power_weather_projection40_vs_power_noise40,power_weather_projection40,power_noise40,downward_timing,conditional_median_mae_minutes,2653,10,56.77157934413871,56.302299283829626,0.46928006030908165,-0.8335007029524055,-0.38377944542783343,1.4860127311983136,-2.655209431627193,0.6745202126830743
np028,15,primary,41,43,event41_timing43,joint_vs_power,joint_raw88,power20,state,return_brier,3772,7,0.15410531438165548,0.16125289115239133,-0.007147576770735853,4.432526275749726,-0.013218027377319747,-0.002653307699120866,1.5328814970599227,9.361716878255681
np028,15,primary,41,43,event41_timing43,joint_vs_power,joint_raw88,power20,state,multiclass_brier,3772,7,0.5836174340357096,0.6197388364027006,-0.03612140236699091,5.828487783121528,-0.07229335442838991,-0.00928886598254829,1.407947964521496,13.148695701355372
np028,15,primary,41,43,event41_timing43,joint_vs_power,joint_raw88,power20,downward_timing,conditional_rps,1328,6,0.15569109194273278,0.15383879324386202,0.001852298698870769,-1.2040517608159718,-0.0030035148406691303,0.005578663059828681,-3.7295353858270763,1.8557879492275902
np028,15,primary,41,43,event41_timing43,joint_vs_power,joint_raw88,power20,downward_timing,conditional_median_mae_minutes,1328,6,52.02560240963855,50.7605421686747,1.2650602409638552,-2.492211838006231,-0.7702349869451695,2.880116959064324,-5.8377896613190705,1.4665672383793238
np028,15,primary,41,43,event41_timing43,weather_summary20_vs_noise20,weather_summary20,noise20,state,return_brier,3772,7,0.1649504669425179,0.17959139471090854,-0.014640927768390655,8.152354845263277,-0.027138349232152227,-0.003406936704408099,2.416587802183733,12.017803443907802
np028,15,primary,41,43,event41_timing43,weather_summary20_vs_noise20,weather_summary20,noise20,state,multiclass_brier,3772,7,0.6850048737252566,0.8056756741566913,-0.12067080043143463,14.977590152233644,-0.15398748721887046,-0.08992716148728572,11.167794363082526,20.639572838417187
np028,15,primary,41,43,event41_timing43,weather_summary20_vs_noise20,weather_summary20,noise20,downward_timing,conditional_rps,1328,6,0.16466262735927004,0.16368674963538757,0.0009758777238824679,-0.5961861458280815,-0.0034118800872124933,0.005168554435005607,-3.1961777278913805,2.031278554254201
np028,15,primary,41,43,event41_timing43,weather_summary20_vs_noise20,weather_summary20,noise20,downward_timing,conditional_median_mae_minutes,1328,6,55.368975903614455,54.93975903614458,0.42921686746987575,-0.78125,-1.1509591326105095,2.1737766624843147,-4.062651907612411,2.0237571491421025
np028,15,primary,41,43,event41_timing43,weather_projection20_vs_noise20,weather_projection20,noise20,state,return_brier,3772,7,0.16142814691141547,0.17959139471090854,-0.018163247799493076,10.113651508041787,-0.036405886316638804,-0.005300601311272954,3.8910708167597785,17.22913861572417
np028,15,primary,41,43,event41_timing43,weather_projection20_vs_noise20,weather_projection20,noise20,state,multiclass_brier,3772,7,0.7182601627581777,0.8056756741566913,-0.08741551139851356,10.849962857574447,-0.1271534686651291,-0.05517298711940466,6.919017185486325,15.180277520677166
np028,15,primary,41,43,event41_timing43,weather_projection20_vs_noise20,weather_projection20,noise20,downward_timing,conditional_rps,1328,6,0.16663922874901274,0.16368674963538757,0.0029524791136251727,-1.8037373948727176,-0.0022788609477952886,0.006056811600108236,-3.7332536728967636,1.3839962089626399
np028,15,primary,41,43,event41_timing43,weather_projection20_vs_noise20,weather_projection20,noise20,downward_timing,conditional_median_mae_minutes,1328,6,56.1144578313253,54.93975903614458,1.1746987951807242,-2.1381578947368363,-1.1036269430051817,2.548219584569736,-4.7216494845360835,2.0187659937446645
np028,15,primary,41,43,event41_timing43,power_weather_summary40_vs_power_noise40,power_weather_summary40,power_noise40,state,return_brier,3772,7,0.15664711399411133,0.1632103114716053,-0.006563197477493982,4.021313003030336,-0.011644307509284302,-0.002168765541069599,1.1396590600806267,8.909877639267194
np028,15,primary,41,43,event41_timing43,power_weather_summary40_vs_power_noise40,power_weather_summary40,power_noise40,state,multiclass_brier,3772,7,0.5875245143917183,0.6305591375798435,-0.04303462318812523,6.824835391855066,-0.07553666734703347,-0.018207645388164218,2.666754496384936,13.465504967833963
np028,15,primary,41,43,event41_timing43,power_weather_summary40_vs_power_noise40,power_weather_summary40,power_noise40,downward_timing,conditional_rps,1328,6,0.15547252004440756,0.1535812008440104,0.0018913192003971735,-1.2314783254743222,-0.00017236582915897136,0.003157094098297286,-2.125676591294203,0.10686027994328053
np028,15,primary,41,43,event41_timing43,power_weather_summary40_vs_power_noise40,power_weather_summary40,power_noise40,downward_timing,conditional_median_mae_minutes,1328,6,51.85617469879518,50.78313253012048,1.0730421686746965,-2.112989323843406,-0.12808349146109776,1.963993453355151,-4.008759719898631,0.2509060496236337
np028,15,primary,41,43,event41_timing43,power_weather_projection40_vs_power_noise40,power_weather_projection40,power_noise40,state,return_brier,3772,7,0.1595489261665982,0.1632103114716053,-0.00366138530500712,2.2433541557477565,-0.00751699221064181,-0.0008036012281632508,0.4711817381068481,5.102565616778609
np028,15,primary,41,43,event41_timing43,power_weather_projection40_vs_power_noise40,power_weather_projection40,power_noise40,state,multiclass_brier,3772,7,0.6240227412892365,0.6305591375798435,-0.006536396290606983,1.0366032146793436,-0.0192257094400942,0.0061051700714817875,-0.9653368185154132,3.0879782817340757
np028,15,primary,41,43,event41_timing43,power_weather_projection40_vs_power_noise40,power_weather_projection40,power_noise40,downward_timing,conditional_rps,1328,6,0.15638938296021107,0.1535812008440104,0.0028081821162006804,-1.8284673519729067,-0.00043348694474426575,0.005233229278167467,-3.5202806217542237,0.2695180492255145
np028,15,primary,41,43,event41_timing43,power_weather_projection40_vs_power_noise40,power_weather_projection40,power_noise40,downward_timing,conditional_median_mae_minutes,1328,6,51.94653614457831,50.78313253012048,1.1634036144578275,-2.2909252669039093,-0.30513918629550574,2.281449893390196,-4.593260356299633,0.5773321178973001
np028,15,robust,42,44,event42_timing44,joint_vs_power,joint_raw88,power20,state,return_brier,3772,7,0.1546045758729945,0.16029633688339245,-0.00569176101039795,3.5507742229558326,-0.011842190133954378,-0.0013701772013262308,0.8325072214516458,7.821452846548946
np028,15,robust,42,44,event42_timing44,joint_vs_power,joint_raw88,power20,state,multiclass_brier,3772,7,0.5846181580163624,0.6206686819423427,-0.03605052392598029,5.808336230718536,-0.06930807915583226,-0.01091294633496662,1.6801630251711897,12.527232737868667
np028,15,robust,42,44,event42_timing44,joint_vs_power,joint_raw88,power20,downward_timing,conditional_rps,1328,6,0.15627581773873692,0.15355084005893677,0.00272497767980015,-1.7746419874708819,-0.002748153129961961,0.007372111776704375,-4.985192935677781,1.719483190769855
np028,15,robust,42,44,event42_timing44,joint_vs_power,joint_raw88,power20,downward_timing,conditional_median_mae_minutes,1328,6,51.878765060240966,50.602409638554214,1.2763554216867519,-2.522321428571428,-1.1618798955613556,3.2028985507246404,-6.521050965495401,2.2057001239157326
np028,15,robust,42,44,event42_timing44,weather_summary20_vs_noise20,weather_summary20,noise20,state,return_brier,3772,7,0.16388278540264375,0.17955410997167565,-0.01567132456903189,8.727911921093877,-0.02675200793647778,-0.0054016863380074885,3.87840917648648,11.967516229824215
np028,15,robust,42,44,event42_timing44,weather_summary20_vs_noise20,weather_summary20,noise20,state,multiclass_brier,3772,7,0.6898222550842747,0.805060068145347,-0.11523781306107228,14.314188173132326,-0.14811752344049212,-0.08381177792130112,10.444023023798238,19.834465548563486
np028,15,robust,42,44,event42_timing44,weather_summary20_vs_noise20,weather_summary20,noise20,downward_timing,conditional_rps,1328,6,0.16484583622780094,0.1637241266558666,0.0011217095719343317,-0.6851217318093017,-0.0021707736470300103,0.003699021758669957,-2.205057891727269,1.3067319165939832
np028,15,robust,42,44,event42_timing44,weather_summary20_vs_noise20,weather_summary20,noise20,downward_timing,conditional_median_mae_minutes,1328,6,55.15436746987952,54.88328313253012,0.2710843373494001,-0.4939287919325075,-0.536605657237935,0.9438076917349355,-1.7215534842049967,0.966292134831459
np028,15,robust,42,44,event42_timing44,weather_projection20_vs_noise20,weather_projection20,noise20,state,return_brier,3772,7,0.16146089539520203,0.17955410997167565,-0.018093214576473615,10.07674766081812,-0.03601201610064517,-0.005010521182344591,3.5125918949664214,16.927131795644836
np028,15,robust,42,44,event42_timing44,weather_projection20_vs_noise20,weather_projection20,noise20,state,multiclass_brier,3772,7,0.7144018878619492,0.805060068145347,-0.09065818028339778,11.261045463632435,-0.12781320578151795,-0.057280733259726976,7.1812587478966945,15.492067799561028
np028,15,robust,42,44,event42_timing44,weather_projection20_vs_noise20,weather_projection20,noise20,downward_timing,conditional_rps,1328,6,0.1677794862513408,0.1637241266558666,0.004055359595474178,-2.476946848522932,-0.0008624107210282372,0.008245937719886326,-5.136804587717436,0.5244907334893744
np028,15,robust,42,44,event42_timing44,weather_projection20_vs_noise20,weather_projection20,noise20,downward_timing,conditional_median_mae_minutes,1328,6,56.6566265060241,54.88328313253012,1.7733433734939794,-3.231117513891757,-0.1658767772511851,3.438427299703264,-6.36982065553493,0.28877887788778533
np028,15,robust,42,44,event42_timing44,power_weather_summary40_vs_power_noise40,power_weather_summary40,power_noise40,state,return_brier,3772,7,0.15765438252772196,0.1631396525449859,-0.005485270017263955,3.362315618363465,-0.010361222576565993,-0.001809660025767601,1.0155463098581365,7.823318043027164
np028,15,robust,42,44,event42_timing44,power_weather_summary40_vs_power_noise40,power_weather_summary40,power_noise40,state,multiclass_brier,3772,7,0.5889261701550013,0.6319466897581422,-0.043020519603140905,6.807618474844079,-0.0757848801908258,-0.018477152444490417,2.759776681263209,13.539967469959002
np028,15,robust,42,44,event42_timing44,power_weather_summary40_vs_power_noise40,power_weather_summary40,power_noise40,downward_timing,conditional_rps,1328,6,0.15461965455823204,0.15369620066331116,0.0009234538949208781,-0.6008306587511614,-0.0014019276452644433,0.002444301169675169,-1.6544169471221937,0.9088604307403103
np028,15,robust,42,44,event42_timing44,power_weather_summary40_vs_power_noise40,power_weather_summary40,power_noise40,downward_timing,conditional_median_mae_minutes,1328,6,51.47213855421687,51.02033132530121,0.45180722891566205,-0.8855435023245484,-0.6721311475409806,1.2029459901800337,-2.44389027431422,1.2885765550239356
np028,15,robust,42,44,event42_timing44,power_weather_projection40_vs_power_noise40,power_weather_projection40,power_noise40,state,return_brier,3772,7,0.15981081662980032,0.1631396525449859,-0.003328835915185596,2.040482410778499,-0.006997713211791161,-0.0005218638857161255,0.3230970645945949,4.734101703779653
np028,15,robust,42,44,event42_timing44,power_weather_projection40_vs_power_noise40,power_weather_projection40,power_noise40,state,multiclass_brier,3772,7,0.6207088177032201,0.6319466897581422,-0.011237872054922105,1.7782943145446373,-0.024738192018372795,0.0017015947393729718,-0.26673215832237973,4.287020696371768
np028,15,robust,42,44,event42_timing44,power_weather_projection40_vs_power_noise40,power_weather_projection40,power_noise40,downward_timing,conditional_rps,1328,6,0.15599061550489493,0.15369620066331116,0.0022944148415837695,-1.4928246968251013,-0.0006821980404568841,0.004152484794338107,-2.8072932869574796,0.41690000817573164
np028,15,robust,42,44,event42_timing44,power_weather_projection40_vs_power_noise40,power_weather_projection40,power_noise40,downward_timing,conditional_median_mae_minutes,1328,6,52.20632530120482,51.02033132530121,1.1859939759036138,-2.3245516936019506,-0.029233636588642888,1.9775540415087272,-3.965224766751496,0.0567235572759692
np028,15,robust,43,45,event43_timing45,joint_vs_power,joint_raw88,power20,state,return_brier,3772,7,0.15486819975004087,0.1608971653366541,-0.0060289655866132275,3.7470924823308605,-0.011348487776549121,-0.002403746612318035,1.459964132437046,7.537847794255715
np028,15,robust,43,45,event43_timing45,joint_vs_power,joint_raw88,power20,state,multiclass_brier,3772,7,0.5849963116909571,0.6195426439418997,-0.03454633225094261,5.576102402110406,-0.06749452493966536,-0.007123745785204709,1.143934353948832,12.337817764092451
np028,15,robust,43,45,event43_timing45,joint_vs_power,joint_raw88,power20,downward_timing,conditional_rps,1328,6,0.15698762546026188,0.15326959788896416,0.003718027571297716,-2.4258089161238727,-0.0014646435700989293,0.007835410827031264,-5.279586768006883,0.9183769770823695
np028,15,robust,43,45,event43_timing45,joint_vs_power,joint_raw88,power20,downward_timing,conditional_median_mae_minutes,1328,6,52.10466867469879,50.681475903614455,1.423192771084338,-2.808112324492984,-1.0574412532637112,3.3478260869565233,-6.78015849721163,1.997533908754634
np028,15,robust,43,45,event43_timing45,weather_summary20_vs_noise20,weather_summary20,noise20,state,return_brier,3772,7,0.16389525614208691,0.18018529045026047,-0.01629003430817355,9.040712628354285,-0.026535344608565263,-0.0067193887941620215,4.850887456934696,12.054225979927482
np028,15,robust,43,45,event43_timing45,weather_summary20_vs_noise20,weather_summary20,noise20,state,multiclass_brier,3772,7,0.6961948416297465,0.809278196975172,-0.11308335534542546,13.973359935816331,-0.14259472455219346,-0.08432371233850655,10.375338114448981,18.884798913464262
np028,15,robust,43,45,event43_timing45,weather_summary20_vs_noise20,weather_summary20,noise20,downward_timing,conditional_rps,1328,6,0.1638664955139482,0.16363443133218536,0.00023206418176283106,-0.1418186746356076,-0.002539209133265996,0.0021120901991496244,-1.298493093879305,1.5541985504025302
np028,15,robust,43,45,event43_timing45,weather_summary20_vs_noise20,weather_summary20,noise20,downward_timing,conditional_median_mae_minutes,1328,6,55.32379518072289,54.73644578313253,0.5873493975903585,-1.0730499380932734,-0.457317073170735,1.1359829442864042,-2.107643429971595,0.7987220447284393
np028,15,robust,43,45,event43_timing45,weather_projection20_vs_noise20,weather_projection20,noise20,state,return_brier,3772,7,0.16132169574276423,0.18018529045026047,-0.01886359470749624,10.468998140946173,-0.035367384328910546,-0.007109550466847115,4.975716595306586,16.72379521495992
np028,15,robust,43,45,event43_timing45,weather_projection20_vs_noise20,weather_projection20,noise20,state,multiclass_brier,3772,7,0.7197412142063374,0.809278196975172,-0.0895369827688346,11.063807613191079,-0.12463582748141266,-0.05958284990495183,7.469658245583672,14.839771709652162
np028,15,robust,43,45,event43_timing45,weather_projection20_vs_noise20,weather_projection20,noise20,downward_timing,conditional_rps,1328,6,0.16646265737420718,0.16363443133218536,0.0028282260420218197,-1.7283807686417685,-0.002112652442680857,0.006296476019967051,-3.9216957418969134,1.2696846815773766
np028,15,robust,43,45,event43_timing45,weather_projection20_vs_noise20,weather_projection20,noise20,downward_timing,conditional_median_mae_minutes,1328,6,56.204819277108435,54.73644578313253,1.4683734939759034,-2.6826248452331836,-0.625,2.7930267062314513,-5.182737972331197,1.091586794462196
np028,15,robust,43,45,event43_timing45,power_weather_summary40_vs_power_noise40,power_weather_summary40,power_noise40,state,return_brier,3772,7,0.15811444386310236,0.16339484677195856,-0.005280402908856202,3.231682646776357,-0.009927014822967926,-0.0013624977670351583,0.7289804699407496,7.7488688881297225
np028,15,robust,43,45,event43_timing45,power_weather_summary40_vs_power_noise40,power_weather_summary40,power_noise40,state,multiclass_brier,3772,7,0.586868872151486,0.6331566916091863,-0.04628781945770033,7.310642068720541,-0.08245229476725197,-0.018613453683256582,2.8023787738272317,14.484128487193574
np028,15,robust,43,45,event43_timing45,power_weather_summary40_vs_power_noise40,power_weather_summary40,power_noise40,downward_timing,conditional_rps,1328,6,0.15532164536290258,0.1537246845906555,0.0015969607722470802,-1.0388447219778163,-0.0002422006622888051,0.003205903816072969,-2.1685331796137186,0.15967425889841236
np028,15,robust,43,45,event43_timing45,power_weather_summary40_vs_power_noise40,power_weather_summary40,power_noise40,downward_timing,conditional_median_mae_minutes,1328,6,51.48343373493976,51.21234939759036,0.2710843373494001,-0.5293339214821335,-0.7033805888767759,1.088929219600729,-2.1259633271326184,1.3808606294155479
np028,15,robust,43,45,event43_timing45,power_weather_projection40_vs_power_noise40,power_weather_projection40,power_noise40,state,return_brier,3772,7,0.15936092085289458,0.16339484677195856,-0.004033925919063985,2.468820772967162,-0.0076561945520861666,-0.0012097051385050461,0.7225600477748515,5.222437062231693
np028,15,robust,43,45,event43_timing45,power_weather_projection40_vs_power_noise40,power_weather_projection40,power_noise40,state,multiclass_brier,3772,7,0.6202096629435535,0.6331566916091863,-0.012947028665632798,2.0448380056961146,-0.027375235833519918,0.001424165684504248,-0.21247881331700577,4.677201088362216
np028,15,robust,43,45,event43_timing45,power_weather_projection40_vs_power_noise40,power_weather_projection40,power_noise40,downward_timing,conditional_rps,1328,6,0.15633246580051077,0.1537246845906555,0.0026077812098552755,-1.6963971770697528,0.0005419269811175464,0.004316786132523315,-2.892653906000664,-0.3396387784105226
np028,15,robust,43,45,event43_timing45,power_weather_projection40_vs_power_noise40,power_weather_projection40,power_noise40,downward_timing,conditional_median_mae_minutes,1328,6,52.29668674698795,51.21234939759036,1.0843373493975932,-2.1173356859285564,-0.019206145966712995,2.212351892994406,-4.407748911697735,0.036529680365304795
np028,60,primary,41,43,event41_timing43,joint_vs_power,joint_raw88,power20,state,return_brier,3772,7,0.156432144103679,0.1634656997345135,-0.007033555630834493,4.302771555291274,-0.014753226494527288,-0.0007848876220272066,0.5021488767156771,10.245660321768616
np028,60,primary,41,43,event41_timing43,joint_vs_power,joint_raw88,power20,state,multiclass_brier,3772,7,0.6081647458103658,0.6528179715551252,-0.044653225744759384,6.8400729897781005,-0.08503654568490959,-0.014066473535968904,2.0181163483019278,14.443939068155617
np028,60,primary,41,43,event41_timing43,joint_vs_power,joint_raw88,power20,downward_timing,conditional_rps,1328,6,0.16328804226901036,0.15985833159471152,0.0034297106742988415,-2.145468828608932,0.00071206210468193,0.006823872680701226,-4.332653308326817,-0.4383834809993201
np028,60,primary,41,43,event41_timing43,joint_vs_power,joint_raw88,power20,downward_timing,conditional_median_mae_minutes,1328,6,54.73644578313253,53.35843373493976,1.3780120481927725,-2.5825571549534354,-0.2991375989310816,3.004231311706633,-5.773531205529592,0.5606987366161387
np028,60,primary,41,43,event41_timing43,weather_summary20_vs_noise20,weather_summary20,noise20,state,return_brier,3772,7,0.16381948637431054,0.17992801720566304,-0.016108530831352497,8.952764045045846,-0.027885012207065955,-0.00556097632408549,3.9412350482331426,12.659142152691073
np028,60,primary,41,43,event41_timing43,weather_summary20_vs_noise20,weather_summary20,noise20,state,multiclass_brier,3772,7,0.686141605547647,0.810557192284334,-0.12441558673668696,15.349390261537943,-0.15961058520718963,-0.09360404710660614,11.542656091942828,21.27078040672468
np028,60,primary,41,43,event41_timing43,weather_summary20_vs_noise20,weather_summary20,noise20,downward_timing,conditional_rps,1328,6,0.16466262735927004,0.16368674963538757,0.0009758777238824679,-0.5961861458280815,-0.0034118800872124933,0.005168554435005607,-3.1961777278913805,2.031278554254201
np028,60,primary,41,43,event41_timing43,weather_summary20_vs_noise20,weather_summary20,noise20,downward_timing,conditional_median_mae_minutes,1328,6,55.368975903614455,54.93975903614458,0.42921686746987575,-0.78125,-1.1509591326105095,2.1737766624843147,-4.062651907612411,2.0237571491421025
np028,60,primary,41,43,event41_timing43,weather_projection20_vs_noise20,weather_projection20,noise20,state,return_brier,3772,7,0.1618318669288811,0.17992801720566304,-0.018096150276781936,10.05743883460768,-0.03552836064721354,-0.006068066814392645,4.321253319795131,16.838795422660183
np028,60,primary,41,43,event41_timing43,weather_projection20_vs_noise20,weather_projection20,noise20,state,multiclass_brier,3772,7,0.7192341447031199,0.810557192284334,-0.09132304758121412,11.266700049116219,-0.13008077170764892,-0.058643435409515804,7.342616997944363,15.512628988179014
np028,60,primary,41,43,event41_timing43,weather_projection20_vs_noise20,weather_projection20,noise20,downward_timing,conditional_rps,1328,6,0.16668695272346698,0.16368674963538757,0.0030002030880794117,-1.8328930684752276,-0.0022343969253668466,0.006020725485315154,-3.749923396894972,1.3581046983732648
np028,60,primary,41,43,event41_timing43,weather_projection20_vs_noise20,weather_projection20,noise20,downward_timing,conditional_median_mae_minutes,1328,6,56.283885542168676,54.93975903614458,1.3441265060240966,-2.4465460526315708,-1.0016811288772678,2.7930267062314513,-5.175257731958749,1.813471502590669
np028,60,primary,41,43,event41_timing43,power_weather_summary40_vs_power_noise40,power_weather_summary40,power_noise40,state,return_brier,3772,7,0.1591442835036664,0.16581225430842755,-0.006667970804761142,4.021398076138594,-0.013024795528012917,-0.0015536242589327118,0.8467501660384189,9.256456670855897
np028,60,primary,41,43,event41_timing43,power_weather_summary40_vs_power_noise40,power_weather_summary40,power_noise40,state,multiclass_brier,3772,7,0.6136855084843077,0.6653366978942397,-0.051651189409931964,7.763165563151054,-0.08776833740988209,-0.02039992151268577,3.0043743291100915,14.659022908159999
np028,60,primary,41,43,event41_timing43,power_weather_summary40_vs_power_noise40,power_weather_summary40,power_noise40,downward_timing,conditional_rps,1328,6,0.16117547379636646,0.16029583632110983,0.0008796374752566283,-0.5487587796694227,-0.002198079767547406,0.0033057206637408126,-2.0911575767147417,1.323952339512069
np028,60,primary,41,43,event41_timing43,power_weather_summary40_vs_power_noise40,power_weather_summary40,power_noise40,downward_timing,conditional_median_mae_minutes,1328,6,53.59563253012048,53.493975903614455,0.10165662650602769,-0.19003378378379399,-0.7136997538966341,1.1100569259962114,-2.105530187721971,1.3013237603769268
np028,60,primary,41,43,event41_timing43,power_weather_projection40_vs_power_noise40,power_weather_projection40,power_noise40,state,return_brier,3772,7,0.16130315126563605,0.16581225430842755,-0.004509103042791507,2.7194027736961557,-0.009290871747245445,-0.0008067267502724629,0.4964187269048015,6.0748796976737705
np028,60,primary,41,43,event41_timing43,power_weather_projection40_vs_power_noise40,power_weather_projection40,power_noise40,state,multiclass_brier,3772,7,0.6511789187725295,0.6653366978942397,-0.014157779121710123,2.1279119529283186,-0.033564809961816294,0.00538342310651751,-0.7891973625149828,5.456099711212891
np028,60,primary,41,43,event41_timing43,power_weather_projection40_vs_power_noise40,power_weather_projection40,power_noise40,downward_timing,conditional_rps,1328,6,0.16273110365824556,0.16029583632110983,0.002435267337135727,-1.5192330587160852,-0.0006468461453999763,0.004600253568067849,-2.9247764680002217,0.3969611598636624
np028,60,primary,41,43,event41_timing43,power_weather_projection40_vs_power_noise40,power_weather_projection40,power_noise40,downward_timing,conditional_median_mae_minutes,1328,6,54.44277108433735,53.493975903614455,0.9487951807228967,-1.7736486486486625,0.025619128949614378,1.768404568901987,-3.3482142857142794,-0.04662004662003838
np028,120,primary,41,43,event41_timing43,joint_vs_power,joint_raw88,power20,state,return_brier,3772,7,0.15484819193190677,0.16619308090398585,-0.011344888972079081,6.82633050086684,-0.022221178109451435,-0.0023995495615940915,1.6099759201694153,13.060488833275071
np028,120,primary,41,43,event41_timing43,joint_vs_power,joint_raw88,power20,state,multiclass_brier,3772,7,0.6162417827853579,0.677774091209412,-0.061532308424054105,9.078586688708711,-0.10212654189855368,-0.03044043560421177,4.324486635257567,16.377124323495483
np028,120,primary,41,43,event41_timing43,joint_vs_power,joint_raw88,power20,downward_timing,conditional_rps,1328,6,0.16552210882554547,0.16295397418629942,0.0025681346392460447,-1.5759877303207048,0.0007417297205468687,0.0037121585593082596,-2.285073982495834,-0.45253719270863524
np028,120,primary,41,43,event41_timing43,joint_vs_power,joint_raw88,power20,downward_timing,conditional_median_mae_minutes,1328,6,55.15436746987952,54.25075301204819,0.9036144578313241,-1.6656256506350164,0.1738724827216167,1.7192862045298511,-3.2389449185414865,-0.31324323395660425
np028,120,primary,41,43,event41_timing43,weather_summary20_vs_noise20,weather_summary20,noise20,state,return_brier,3772,7,0.1644506406826441,0.1798725259016302,-0.015421885218986103,8.573785875125871,-0.027921748657633888,-0.004375422261970718,3.037764104325406,12.36405184173686
np028,120,primary,41,43,event41_timing43,weather_summary20_vs_noise20,weather_summary20,noise20,state,multiclass_brier,3772,7,0.6892597608969753,0.8153163585239248,-0.12605659762694954,15.461065672123453,-0.16047510368242146,-0.09360476671935278,11.58296878968369,21.10134751074068
np028,120,primary,41,43,event41_timing43,weather_summary20_vs_noise20,weather_summary20,noise20,downward_timing,conditional_rps,1328,6,0.16466262735927004,0.16368674963538757,0.0009758777238824679,-0.5961861458280815,-0.0034118800872124933,0.005168554435005607,-3.1961777278913805,2.031278554254201
np028,120,primary,41,43,event41_timing43,weather_summary20_vs_noise20,weather_summary20,noise20,downward_timing,conditional_median_mae_minutes,1328,6,55.368975903614455,54.93975903614458,0.42921686746987575,-0.78125,-1.1509591326105095,2.1737766624843147,-4.062651907612411,2.0237571491421025
np028,120,primary,41,43,event41_timing43,weather_projection20_vs_noise20,weather_projection20,noise20,state,return_brier,3772,7,0.16268392278391255,0.1798725259016302,-0.017188603117717638,9.555991406446275,-0.034404437916315846,-0.00497987610340965,3.7092912903140767,16.249169899490468
np028,120,primary,41,43,event41_timing43,weather_projection20_vs_noise20,weather_projection20,noise20,state,multiclass_brier,3772,7,0.7157232776591257,0.8153163585239248,-0.09959308086479912,12.215268321747608,-0.13922602004419926,-0.06559992121905489,8.108730389523581,16.563516045567223
np028,120,primary,41,43,event41_timing43,weather_projection20_vs_noise20,weather_projection20,noise20,downward_timing,conditional_rps,1328,6,0.16656927963875343,0.16368674963538757,0.0028825300033658574,-1.7610038746487922,-0.002397540340811111,0.005818343285164443,-3.646888309782015,1.4572534066565788
np028,120,primary,41,43,event41_timing43,weather_projection20_vs_noise20,weather_projection20,noise20,downward_timing,conditional_median_mae_minutes,1328,6,56.295180722891565,54.93975903614458,1.3554216867469862,-2.4671052631578982,-0.8046974283481558,2.648367952522257,-4.907216494845357,1.4479905437352225
np028,120,primary,41,43,event41_timing43,power_weather_summary40_vs_power_noise40,power_weather_summary40,power_noise40,state,return_brier,3772,7,0.15978481032493347,0.16821320584712054,-0.008428395522187077,5.010543304101322,-0.01572194336699824,-0.0018852839826224432,1.204264472523613,9.768609998710465
np028,120,primary,41,43,event41_timing43,power_weather_summary40_vs_power_noise40,power_weather_summary40,power_noise40,state,multiclass_brier,3772,7,0.6341103236350697,0.6937394357119329,-0.05962911207686317,8.595318214203907,-0.09072995269260863,-0.032294906700872615,4.545240846317226,14.054553425279215
np028,120,primary,41,43,event41_timing43,power_weather_summary40_vs_power_noise40,power_weather_summary40,power_noise40,downward_timing,conditional_rps,1328,6,0.16273244296736092,0.163160287438447,-0.0004278444710860696,0.2622234109801225,-0.002589335007432164,0.0013880240352761863,-0.8451588657834685,1.5693763516649306
np028,120,primary,41,43,event41_timing43,power_weather_summary40_vs_power_noise40,power_weather_summary40,power_noise40,downward_timing,conditional_median_mae_minutes,1328,6,54.1152108433735,54.1152108433735,0.0,0.0,-1.0301034807149563,0.8609271523178776,-1.6075845012366141,1.920547224414626
np028,120,primary,41,43,event41_timing43,power_weather_projection40_vs_power_noise40,power_weather_projection40,power_noise40,state,return_brier,3772,7,0.16009708836687989,0.16821320584712054,-0.008116117480240659,4.824899115005832,-0.016290952925173078,-0.00242252736000384,1.513604231437482,9.06381141171296
np028,120,primary,41,43,event41_timing43,power_weather_projection40_vs_power_noise40,power_weather_projection40,power_noise40,state,multiclass_brier,3772,7,0.6609235233756953,0.6937394357119329,-0.032815912336237596,4.7302936299939535,-0.05300784811887471,-0.012566592748249986,1.7972194543947302,8.190798277188955
np028,120,primary,41,43,event41_timing43,power_weather_projection40_vs_power_noise40,power_weather_projection40,power_noise40,downward_timing,conditional_rps,1328,6,0.16574528268392263,0.163160287438447,0.0025849952454756464,-1.5843286905527387,0.0012778397229513648,0.00366379148405128,-2.296633088147899,-0.7584554134516974
np028,120,primary,41,43,event41_timing43,power_weather_projection40_vs_power_noise40,power_weather_projection40,power_noise40,downward_timing,conditional_median_mae_minutes,1328,6,55.40286144578313,54.1152108433735,1.2876506024096344,-2.379461490294288,0.5985915492957758,1.8877867327960303,-3.5072563925362843,-1.105583195135429
np028,240,primary,41,43,event41_timing43,joint_vs_power,joint_raw88,power20,state,return_brier,3772,7,0.15665108967741972,0.17261571111089433,-0.0159646214334746,9.248649112373307,-0.027697808601906238,-0.005674383312530184,3.4713519583676633,15.759444981734605
np028,240,primary,41,43,event41_timing43,joint_vs_power,joint_raw88,power20,state,multiclass_brier,3772,7,0.6327752308755228,0.7006876569753193,-0.06791242609979653,9.692253805776495,-0.11211430722626237,-0.03732783568965502,5.05193017415031,17.07837484345439
np028,240,primary,41,43,event41_timing43,joint_vs_power,joint_raw88,power20,downward_timing,conditional_rps,1328,6,0.16818021020368554,0.16766590833909342,0.0005143018645921149,-0.3067420620487482,-0.002411256229767178,0.002681786273217135,-1.640460154653578,1.4368662216435846
np028,240,primary,41,43,event41_timing43,joint_vs_power,joint_raw88,power20,downward_timing,conditional_median_mae_minutes,1328,6,56.295180722891565,56.41942771084337,-0.12424698795180689,0.22022022022022414,-1.1279331789588023,0.5559368565545668,-0.9998936212912374,2.0031017989720086
np028,240,primary,41,43,event41_timing43,weather_summary20_vs_noise20,weather_summary20,noise20,state,return_brier,3772,7,0.16443064448120842,0.17950185859242027,-0.015071214111211845,8.396132624694863,-0.026729829633654605,-0.004527897757027431,3.2744953901377882,12.03955934322426
np028,240,primary,41,43,event41_timing43,weather_summary20_vs_noise20,weather_summary20,noise20,state,multiclass_brier,3772,7,0.6848263998850758,0.8119446086498928,-0.12711820876481705,15.656019808566757,-0.1622013842095381,-0.09569381801000056,11.76770058662463,21.64899043920625
np028,240,primary,41,43,event41_timing43,weather_summary20_vs_noise20,weather_summary20,noise20,downward_timing,conditional_rps,1328,6,0.16508720027763876,0.1640555027139629,0.001031697563675854,-0.628871050716695,-0.00344265766972357,0.005780024414111462,-3.566944761344626,2.0466176170361785
np028,240,primary,41,43,event41_timing43,weather_summary20_vs_noise20,weather_summary20,noise20,downward_timing,conditional_median_mae_minutes,1328,6,55.52710843373494,54.93975903614458,0.5873493975903585,-1.069078947368407,-0.5948275862068968,1.9028189910979236,-3.5040983606557496,1.0582010582010581
np028,240,primary,41,43,event41_timing43,weather_projection20_vs_noise20,weather_projection20,noise20,state,return_brier,3772,7,0.16273326447255138,0.17950185859242027,-0.01676859411986889,9.341738437340597,-0.03359381653969995,-0.004416562458055805,3.4229797130734703,15.781845177557482
np028,240,primary,41,43,event41_timing43,weather_projection20_vs_noise20,weather_projection20,noise20,state,multiclass_brier,3772,7,0.718518264634828,0.8119446086498928,-0.09342634401506478,11.506492317304106,-0.1306084633229989,-0.06086930556947871,7.5925912745716575,15.626778014653675
np028,240,primary,41,43,event41_timing43,weather_projection20_vs_noise20,weather_projection20,noise20,downward_timing,conditional_rps,1328,6,0.16790527946224304,0.1640555027139629,0.0038497767482801315,-2.3466306735180797,-0.001681949512541081,0.007163320096693515,-4.453679328373861,1.027531532857362
np028,240,primary,41,43,event41_timing43,weather_projection20_vs_noise20,weather_projection20,noise20,downward_timing,conditional_median_mae_minutes,1328,6,56.3855421686747,54.93975903614458,1.4457831325301171,-2.631578947368407,-0.624867037254306,2.5968109339407732,-4.776063928637808,1.147929501013666
np028,240,primary,41,43,event41_timing43,power_weather_summary40_vs_power_noise40,power_weather_summary40,power_noise40,state,return_brier,3772,7,0.1630371237220023,0.17552098496097224,-0.01248386123896994,7.1124607930759804,-0.020753629152725706,-0.004955971966451731,3.309041165822868,11.207851552774672
np028,240,primary,41,43,event41_timing43,power_weather_summary40_vs_power_noise40,power_weather_summary40,power_noise40,state,multiclass_brier,3772,7,0.6541351952386348,0.7176925209485844,-0.06355732570994954,8.855787660423841,-0.09200458399500355,-0.040810317716511335,5.632380028471277,13.573964769871882
np028,240,primary,41,43,event41_timing43,power_weather_summary40_vs_power_noise40,power_weather_summary40,power_noise40,downward_timing,conditional_rps,1328,6,0.16791127264677752,0.16607349750161474,0.0018377751451627844,-1.1066035055623091,-0.0009655937806511972,0.00402995083668109,-2.399544932881348,0.5801230330416907
np028,240,primary,41,43,event41_timing43,power_weather_summary40_vs_power_noise40,power_weather_summary40,power_noise40,downward_timing,conditional_median_mae_minutes,1328,6,56.32906626506024,55.89984939759036,0.42921686746988286,-0.7678318852293531,-0.7150259067357467,1.4766201804758055,-2.624469316866085,1.2613106663010631
np028,240,primary,41,43,event41_timing43,power_weather_projection40_vs_power_noise40,power_weather_projection40,power_noise40,state,return_brier,3772,7,0.16452762690351008,0.17552098496097224,-0.010993358057462155,6.26327277043629,-0.019079448205634744,-0.005876181696552463,3.8090924594300413,9.543560312373078
np028,240,primary,41,43,event41_timing43,power_weather_projection40_vs_power_noise40,power_weather_projection40,power_noise40,state,multiclass_brier,3772,7,0.6804834692330423,0.7176925209485844,-0.03720905171554212,5.184539427325008,-0.057905488649328436,-0.0191897880237058,2.639366024567536,7.831151920805533
np028,240,primary,41,43,event41_timing43,power_weather_projection40_vs_power_noise40,power_weather_projection40,power_noise40,downward_timing,conditional_rps,1328,6,0.16869637827659045,0.16607349750161474,0.0026228807749757166,-1.5793493931505864,-2.551418148333262e-05,0.0037425932564306152,-2.219656815019889,0.015235461074081247
np028,240,primary,41,43,event41_timing43,power_weather_projection40_vs_power_noise40,power_weather_projection40,power_noise40,downward_timing,conditional_median_mae_minutes,1328,6,56.83734939759036,55.89984939759036,0.9375,-1.6771064861588192,0.1520912547528539,1.357850070721362,-2.3816127330855767,-0.27548209366392573
np028,240,robust,42,44,event42_timing44,joint_vs_power,joint_raw88,power20,state,return_brier,3772,7,0.1562431847325866,0.1728364068491353,-0.016593222116548678,9.600536379486591,-0.02811256814001132,-0.006280487006703742,3.90602577725075,16.52772017543863
np028,240,robust,42,44,event42_timing44,joint_vs_power,joint_raw88,power20,state,multiclass_brier,3772,7,0.6290939318248668,0.7049225167286343,-0.07582858490376743,10.757009898856484,-0.1266588434618693,-0.038713205095011936,5.289505879874095,18.99188654277294
np028,240,robust,42,44,event42_timing44,joint_vs_power,joint_raw88,power20,downward_timing,conditional_rps,1328,6,0.17028607275940089,0.16880275927234606,0.001483313487054827,-0.8787258534451059,-0.002782632708257765,0.003824182105962387,-2.3106515216331203,1.6506037149319086
np028,240,robust,42,44,event42_timing44,joint_vs_power,joint_raw88,power20,downward_timing,conditional_median_mae_minutes,1328,6,57.04066265060241,56.81475903614458,0.22590361445782747,-0.397614314115291,-1.397877048860693,0.9585065539294483,-1.7065966524450138,2.429967496849407
np028,240,robust,42,44,event42_timing44,weather_summary20_vs_noise20,weather_summary20,noise20,state,return_brier,3772,7,0.1638598230364325,0.18009252538851053,-0.01623270235207802,9.01353474668618,-0.02657736750286181,-0.006424301508611071,4.567522271941426,12.27135482442499
np028,240,robust,42,44,event42_timing44,weather_summary20_vs_noise20,weather_summary20,noise20,state,multiclass_brier,3772,7,0.6865306621981557,0.8085058791193099,-0.1219752169211542,15.08649721310864,-0.15472116969562733,-0.0921684517971741,11.210789216184931,20.66017063869669
np028,240,robust,42,44,event42_timing44,weather_summary20_vs_noise20,weather_summary20,noise20,downward_timing,conditional_rps,1328,6,0.16469591263262326,0.16364171296728477,0.0010541996653384844,-0.6442120692963238,-0.0019516912653593829,0.004096272471433479,-2.5311960438047176,1.1966460002421742
np028,240,robust,42,44,event42_timing44,weather_summary20_vs_noise20,weather_summary20,noise20,downward_timing,conditional_median_mae_minutes,1328,6,55.256024096385545,54.77033132530121,0.48569277108433795,-0.8867807795421845,-0.5489478499542528,1.8359853121175078,-3.384094754653133,0.9815950920245342
np028,240,robust,42,44,event42_timing44,weather_projection20_vs_noise20,weather_projection20,noise20,state,return_brier,3772,7,0.16251141496533159,0.18009252538851053,-0.017581110423178947,9.762265471735443,-0.03529861454196895,-0.004157654438348604,2.943860103731777,16.353197177759718
np028,240,robust,42,44,event42_timing44,weather_projection20_vs_noise20,weather_projection20,noise20,state,multiclass_brier,3772,7,0.7112055324927766,0.8085058791193099,-0.09730034662653331,12.034587396262442,-0.13181614164558741,-0.06645337978032036,8.264550770538907,15.988394938316578
np028,240,robust,42,44,event42_timing44,weather_projection20_vs_noise20,weather_projection20,noise20,downward_timing,conditional_rps,1328,6,0.1675864243961024,0.16364171296728477,0.003944711428817638,-2.410578181619427,-0.0010636876705298892,0.0084545624387877,-5.21863382965404,0.6440488409128031
np028,240,robust,42,44,event42_timing44,weather_projection20_vs_noise20,weather_projection20,noise20,downward_timing,conditional_median_mae_minutes,1328,6,56.55496987951807,54.77033132530121,1.784638554216862,-3.258403794596809,-0.09990485252141212,3.49503437738732,-6.456821761005893,0.17399950285856836
np028,240,robust,42,44,event42_timing44,power_weather_summary40_vs_power_noise40,power_weather_summary40,power_noise40,state,return_brier,3772,7,0.16245405648336936,0.17429273786716185,-0.011838681383792488,6.792412310841889,-0.01987738729763963,-0.0043190368994783564,2.991811543713198,10.380872446073916
np028,240,robust,42,44,event42_timing44,power_weather_summary40_vs_power_noise40,power_weather_summary40,power_noise40,state,multiclass_brier,3772,7,0.6496655822830506,0.7176059037961532,-0.06794032151310259,9.467636923511435,-0.09599033607276448,-0.04465688899635843,6.244067124303532,14.00928875088039
np028,240,robust,42,44,event42_timing44,power_weather_summary40_vs_power_noise40,power_weather_summary40,power_noise40,downward_timing,conditional_rps,1328,6,0.1695575093950697,0.16661614273419714,0.002941366660872552,-1.7653551526306321,0.000766322645155082,0.004992423035122873,-2.9832290114945925,-0.4569623410437318
np028,240,robust,42,44,event42_timing44,power_weather_summary40_vs_power_noise40,power_weather_summary40,power_noise40,downward_timing,conditional_median_mae_minutes,1328,6,56.961596385542165,55.911144578313255,1.0504518072289102,-1.8787878787878798,0.103181427343074,1.9619205298013256,-3.4804980680547564,-0.18357044515833199
np028,240,robust,42,44,event42_timing44,power_weather_projection40_vs_power_noise40,power_weather_projection40,power_noise40,state,return_brier,3772,7,0.16469540640545052,0.17429273786716185,-0.009597331461711323,5.5064436873015215,-0.017727867295556754,-0.003676605881909309,2.6234648476795113,8.78646588913921
np028,240,robust,42,44,event42_timing44,power_weather_projection40_vs_power_noise40,power_weather_projection40,power_noise40,state,multiclass_brier,3772,7,0.6780902397983078,0.7176059037961532,-0.03951566399784534,5.506596836621114,-0.0605268554989292,-0.019929247193495203,2.733043101522281,8.147723459361032
np028,240,robust,42,44,event42_timing44,power_weather_projection40_vs_power_noise40,power_weather_projection40,power_noise40,downward_timing,conditional_rps,1328,6,0.16965626553361898,0.16661614273419714,0.0030401227994218405,-1.8246268035815527,-0.0003471019099574313,0.004435639407776387,-2.6541960187937272,0.2053720324464159
np028,240,robust,42,44,event42_timing44,power_weather_projection40_vs_power_noise40,power_weather_projection40,power_noise40,downward_timing,conditional_median_mae_minutes,1328,6,57.06325301204819,55.911144578313255,1.1521084337349379,-2.0606060606060517,0.14383561643835918,1.6921837228041952,-3.0464045341835,-0.2554744525547603
np028,240,robust,43,45,event43_timing45,joint_vs_power,joint_raw88,power20,state,return_brier,3772,7,0.1566951638628848,0.17267219312468063,-0.01597702926179584,9.252809599898558,-0.027825032305555025,-0.005768862590917031,3.7337996244036864,15.385478738248661
np028,240,robust,43,45,event43_timing45,joint_vs_power,joint_raw88,power20,state,multiclass_brier,3772,7,0.6278502438742587,0.6986872848759398,-0.07083704100168109,10.138590258481528,-0.11325820282573748,-0.0401268369101087,5.629247068248801,17.402490521539058
np028,240,robust,43,45,event43_timing45,joint_vs_power,joint_raw88,power20,downward_timing,conditional_rps,1328,6,0.16875154917607796,0.16837122653698722,0.00038032263909074104,-0.22588339285347647,-0.004657912422079219,0.0034344350460323025,-2.087929999307736,2.7695502282561346
np028,240,robust,43,45,event43_timing45,joint_vs_power,joint_raw88,power20,downward_timing,conditional_median_mae_minutes,1328,6,56.62274096385542,56.566265060240966,0.05647590361445509,-0.09984025559104381,-1.8237082066869306,1.1111111111111143,-1.970310391363017,3.2234568092421094
np028,240,robust,43,45,event43_timing45,weather_summary20_vs_noise20,weather_summary20,noise20,state,return_brier,3772,7,0.16369876528264685,0.1796666585538727,-0.015967893271225858,8.887510570826318,-0.025118496131661623,-0.007112751880176946,5.132852095884414,11.980701189663879
np028,240,robust,43,45,event43_timing45,weather_summary20_vs_noise20,weather_summary20,noise20,state,multiclass_brier,3772,7,0.6934940694446425,0.8123220784051964,-0.1188280089605539,14.628189005258207,-0.15073780913634474,-0.08993523052250367,10.935106364665538,20.294520822294327
np028,240,robust,43,45,event43_timing45,weather_summary20_vs_noise20,weather_summary20,noise20,downward_timing,conditional_rps,1328,6,0.16432967124102793,0.1637440301743489,0.0005856410666790213,-0.35765643856173757,-0.0029393627038012404,0.003171071166422089,-1.9551988850472006,1.7246214748569688
np028,240,robust,43,45,event43_timing45,weather_summary20_vs_noise20,weather_summary20,noise20,downward_timing,conditional_median_mae_minutes,1328,6,54.973644578313255,54.72515060240964,0.24849397590361377,-0.45407636738905577,-0.7887323943661997,0.861244019138752,-1.6126322862422215,1.4167334937182696
np028,240,robust,43,45,event43_timing45,weather_projection20_vs_noise20,weather_projection20,noise20,state,return_brier,3772,7,0.16196964827341628,0.1796666585538727,-0.01769701028045642,9.849913402352284,-0.033902886470787326,-0.006027670339929948,4.281611056799406,16.134065093143942
np028,240,robust,43,45,event43_timing45,weather_projection20_vs_noise20,weather_projection20,noise20,state,multiclass_brier,3772,7,0.720821061263078,0.8123220784051964,-0.09150101714211845,11.264130272287954,-0.1268936154424002,-0.0627132401503142,7.83403604268832,14.99674228295479
np028,240,robust,43,45,event43_timing45,weather_projection20_vs_noise20,weather_projection20,noise20,downward_timing,conditional_rps,1328,6,0.1662813913410839,0.1637440301743489,0.0025373611667350027,-1.5495900302644916,-0.002179794155247231,0.006454908507631557,-3.980206188812674,1.3340075345616635
np028,240,robust,43,45,event43_timing45,weather_projection20_vs_noise20,weather_projection20,noise20,downward_timing,conditional_median_mae_minutes,1328,6,55.8433734939759,54.72515060240964,1.118222891566262,-2.043343653250762,-0.8609271523178776,2.747819191118161,-5.053533190578152,1.5434847135648466
np028,240,robust,43,45,event43_timing45,power_weather_summary40_vs_power_noise40,power_weather_summary40,power_noise40,state,return_brier,3772,7,0.1624054492834999,0.17339354336022794,-0.010988094076728044,6.337083759745365,-0.019228022619798557,-0.003961647455587268,2.580298754812481,10.343691774631369
np028,240,robust,43,45,event43_timing45,power_weather_summary40_vs_power_noise40,power_weather_summary40,power_noise40,state,multiclass_brier,3772,7,0.6465454895271936,0.7128549102769226,-0.06630942074972901,9.301951883023406,-0.0924033607555033,-0.04599215182724078,6.216085471282774,13.764658847355197
np028,240,robust,43,45,event43_timing45,power_weather_summary40_vs_power_noise40,power_weather_summary40,power_noise40,downward_timing,conditional_rps,1328,6,0.1695813258630749,0.1664050708587629,0.003176255004311984,-1.9087489268928781,0.0007198865067971496,0.005413275207757334,-3.1642952596687257,-0.43012023107225694
np028,240,robust,43,45,event43_timing45,power_weather_summary40_vs_power_noise40,power_weather_summary40,power_noise40,downward_timing,conditional_median_mae_minutes,1328,6,57.11972891566265,55.933734939759034,1.1859939759036138,-2.1203554119547663,-0.13837135883445323,2.261427425821971,-3.9670816627980443,0.2539360081259545
np028,240,robust,43,45,event43_timing45,power_weather_projection40_vs_power_noise40,power_weather_projection40,power_noise40,state,return_brier,3772,7,0.1648283896150706,0.17339354336022794,-0.008565153745157345,4.93971896483083,-0.018937307027116962,-0.0020054983017209916,1.427246131473281,9.199352870718261
np028,240,robust,43,45,event43_timing45,power_weather_projection40_vs_power_noise40,power_weather_projection40,power_noise40,state,multiclass_brier,3772,7,0.6740750168845344,0.7128549102769226,-0.03877989339238819,5.440082243008382,-0.05811718564614857,-0.02057135459550319,2.836685282104734,8.132259255024021
np028,240,robust,43,45,event43_timing45,power_weather_projection40_vs_power_noise40,power_weather_projection40,power_noise40,downward_timing,conditional_rps,1328,6,0.16977657590193135,0.1664050708587629,0.003371505043168438,-2.026083114997146,0.0008668267490710146,0.004566871425623932,-2.732346700746513,-0.5175827544100731
np028,240,robust,43,45,event43_timing45,power_weather_projection40_vs_power_noise40,power_weather_projection40,power_noise40,downward_timing,conditional_median_mae_minutes,1328,6,57.67319277108434,55.933734939759034,1.7394578313253035,-3.109854604200324,1.0434782608695627,2.2494524701032734,-3.9357515825511484,-1.915774335505638
np028,480,primary,41,43,event41_timing43,joint_vs_power,joint_raw88,power20,state,return_brier,3772,7,0.1597483483004705,0.17586592340990304,-0.01611757510943254,9.164694783915683,-0.026050360696513175,-0.009270492179980199,5.694250290961911,15.021716761025912
np028,480,primary,41,43,event41_timing43,joint_vs_power,joint_raw88,power20,state,multiclass_brier,3772,7,0.6569772860543605,0.7492825873083804,-0.09230530125401992,12.319157393688373,-0.13482742826422267,-0.06305516353800344,8.115115910644658,19.146755656195197
np028,480,primary,41,43,event41_timing43,joint_vs_power,joint_raw88,power20,downward_timing,conditional_rps,1328,6,0.16857718964860763,0.16725057499983875,0.0013266146487688757,-0.7931898881484489,-0.0023293176511835953,0.006793454969697731,-4.199544231094987,1.3697957027834164
np028,480,primary,41,43,event41_timing43,joint_vs_power,joint_raw88,power20,downward_timing,conditional_median_mae_minutes,1328,6,56.81475903614458,56.09186746987952,0.7228915662650621,-1.2887635924285101,-0.8277744087325658,2.8821329101932576,-5.2215786884741675,1.4362373737373701
np028,480,primary,41,43,event41_timing43,weather_summary20_vs_noise20,weather_summary20,noise20,state,return_brier,3772,7,0.16375231193291917,0.17934424863005036,-0.015591936697131187,8.693859332670373,-0.028486065723715898,-0.0041701148538775944,3.1426190260041102,12.879351174014813
np028,480,primary,41,43,event41_timing43,weather_summary20_vs_noise20,weather_summary20,noise20,state,multiclass_brier,3772,7,0.687639754453791,0.8111181610942999,-0.12347840664050891,15.223232885566397,-0.15875816684976837,-0.09150543327274524,11.332944623806627,20.91619351370727
np028,480,primary,41,43,event41_timing43,weather_summary20_vs_noise20,weather_summary20,noise20,downward_timing,conditional_rps,1328,6,0.16531722012633301,0.16389837080497768,0.001418849321355331,-0.8656884838981194,-0.0033784570201798314,0.006082694306163289,-3.7590390346415647,2.00751454443604
np028,480,primary,41,43,event41_timing43,weather_summary20_vs_noise20,weather_summary20,noise20,downward_timing,conditional_median_mae_minutes,1328,6,55.640060240963855,54.83810240963855,0.8019578313253035,-1.4624098867147328,-0.6279733587059937,2.3262032085561444,-4.338533874759554,1.0928961748633892
np028,480,primary,41,43,event41_timing43,weather_projection20_vs_noise20,weather_projection20,noise20,state,return_brier,3772,7,0.16307863908218034,0.17934424863005036,-0.016265609547870014,9.069490475505882,-0.03242955830988919,-0.004479356521166914,3.4421127548550867,15.225406918045913
np028,480,primary,41,43,event41_timing43,weather_projection20_vs_noise20,weather_projection20,noise20,state,multiclass_brier,3772,7,0.715917444430138,0.8111181610942999,-0.09520071666416186,11.736972642274978,-0.13117714717979242,-0.06216600364484992,7.618618547692934,16.097096582175443
np028,480,primary,41,43,event41_timing43,weather_projection20_vs_noise20,weather_projection20,noise20,downward_timing,conditional_rps,1328,6,0.16817203467517677,0.16389837080497768,0.00427366387019909,-2.60750845124893,-0.0015262650170940514,0.008354344453967377,-5.137977570302676,0.9040999795640079
np028,480,primary,41,43,event41_timing43,weather_projection20_vs_noise20,weather_projection20,noise20,downward_timing,conditional_median_mae_minutes,1328,6,56.32906626506024,54.83810240963855,1.4909638554216897,-2.718846549948517,-0.7284768211920536,2.704505786350142,-4.996915484268971,1.3056379821958508
np028,480,primary,41,43,event41_timing43,power_weather_summary40_vs_power_noise40,power_weather_summary40,power_noise40,state,return_brier,3772,7,0.16962476501187715,0.1775412115392463,-0.007916446527369142,4.45893460945499,-0.013361835574795687,-0.0028966094316662527,1.9463797641632419,6.674593958138281
np028,480,primary,41,43,event41_timing43,power_weather_summary40_vs_power_noise40,power_weather_summary40,power_noise40,state,multiclass_brier,3772,7,0.710638501047988,0.7657579916210627,-0.05511949057307475,7.198030079502027,-0.07426653374366926,-0.03924563957175731,5.120668438907819,10.12977806671863
np028,480,primary,41,43,event41_timing43,power_weather_summary40_vs_power_noise40,power_weather_summary40,power_noise40,downward_timing,conditional_rps,1328,6,0.16600835798507466,0.16548567868488595,0.0005226793001887053,-0.31584563953959144,-0.0019525486823195048,0.0016481120326369003,-0.9893657156350683,1.1612104436463413
np028,480,primary,41,43,event41_timing43,power_weather_summary40_vs_power_noise40,power_weather_summary40,power_noise40,downward_timing,conditional_median_mae_minutes,1328,6,55.80948795180723,55.4480421686747,0.36144578313253106,-0.6518639234059931,-0.7282913165266081,0.9146341463414629,-1.6224757989623095,1.29142300194931
np028,480,primary,41,43,event41_timing43,power_weather_projection40_vs_power_noise40,power_weather_projection40,power_noise40,state,return_brier,3772,7,0.1649009792939617,0.1775412115392463,-0.0126402322452846,7.119604589659123,-0.027938196575173213,-0.0023703832527486968,1.4762611141629445,13.874591258457103
np028,480,primary,41,43,event41_timing43,power_weather_projection40_vs_power_noise40,power_weather_projection40,power_noise40,state,multiclass_brier,3772,7,0.7135992000574494,0.7657579916210627,-0.05215879156361336,6.811393695441092,-0.08234417620521646,-0.029890097975567825,4.025043187901032,10.058695899622782
np028,480,primary,41,43,event41_timing43,power_weather_projection40_vs_power_noise40,power_weather_projection40,power_noise40,downward_timing,conditional_rps,1328,6,0.16893286459880233,0.16548567868488595,0.0034471859139163785,-2.083072046663581,-0.0006990853730439588,0.0053608634914296405,-3.2153986794471945,0.4153701326087548
np028,480,primary,41,43,event41_timing43,power_weather_projection40_vs_power_noise40,power_weather_projection40,power_noise40,downward_timing,conditional_median_mae_minutes,1328,6,57.09713855421687,55.4480421686747,1.6490963855421725,-2.974129150539828,0.02718569757529586,2.5101060448451196,-4.511343462823737,-0.04657979467905126
np028,720,primary,41,43,event41_timing43,joint_vs_power,joint_raw88,power20,state,return_brier,3772,7,0.16116689663267633,0.1773864929623324,-0.016219596329656055,9.14364789493879,-0.02865015858676436,-0.006458110661121563,4.7089781851961545,14.75963647797136
np028,720,primary,41,43,event41_timing43,joint_vs_power,joint_raw88,power20,state,multiclass_brier,3772,7,0.6725597511961523,0.7688642855689477,-0.0963045343727954,12.525557004059761,-0.13173413705140535,-0.0700119315085602,8.834098883570414,18.216359024818072
np028,720,primary,41,43,event41_timing43,joint_vs_power,joint_raw88,power20,downward_timing,conditional_rps,1328,6,0.1663036990546822,0.16191593155724862,0.004387767497433581,-2.7099047358920325,-0.0011397981821708036,0.011263923120669955,-6.859688386682006,0.7039198787691325
np028,720,primary,41,43,event41_timing43,joint_vs_power,joint_raw88,power20,downward_timing,conditional_median_mae_minutes,1328,6,55.40286144578313,54.08132530120482,1.3215361445783103,-2.443609022556381,-0.6174591909155467,4.0357698289269095,-7.4730021598272245,1.1392653702612554
np028,720,primary,41,43,event41_timing43,weather_summary20_vs_noise20,weather_summary20,noise20,state,return_brier,3772,7,0.16415780182304326,0.1795332415580615,-0.015375439735018231,8.564118600869675,-0.02771780656490144,-0.0041370484283345665,3.1491075833719684,12.558004264251394
np028,720,primary,41,43,event41_timing43,weather_summary20_vs_noise20,weather_summary20,noise20,state,multiclass_brier,3772,7,0.6835418369182462,0.8129142217156804,-0.12937238479743418,15.914641587200896,-0.16432267680797685,-0.0979541183429092,12.211124963457445,21.105755730664864
np028,720,primary,41,43,event41_timing43,weather_summary20_vs_noise20,weather_summary20,noise20,downward_timing,conditional_rps,1328,6,0.16511243129163614,0.163723038574699,0.0013893927169371378,-0.8486238277963798,-0.002706634706092751,0.005608053258490231,-3.4687461280298093,1.6104200439792902
np028,720,primary,41,43,event41_timing43,weather_summary20_vs_noise20,weather_summary20,noise20,downward_timing,conditional_median_mae_minutes,1328,6,55.628765060240966,54.73644578313253,0.8923192771084345,-1.6302104828724628,-0.4285714285714306,1.936592818945762,-3.622722400857459,0.7569386038688064
np028,720,primary,41,43,event41_timing43,weather_projection20_vs_noise20,weather_projection20,noise20,state,return_brier,3772,7,0.16309946398867844,0.1795332415580615,-0.01643377756938305,9.153612682957279,-0.032986585807600506,-0.003980167866938838,2.904316255216123,15.389766115064862
np028,720,primary,41,43,event41_timing43,weather_projection20_vs_noise20,weather_projection20,noise20,state,multiclass_brier,3772,7,0.7131122607449443,0.8129142217156804,-0.09980196097073613,12.277059289244697,-0.13789079969843582,-0.06667857479553416,8.220233266249542,16.371295850834834
np028,720,primary,41,43,event41_timing43,weather_projection20_vs_noise20,weather_projection20,noise20,downward_timing,conditional_rps,1328,6,0.16758809855969428,0.163723038574699,0.003865059984995284,-2.3607306696985297,-0.0019849513269699715,0.007489510046494979,-4.614927569931404,1.1670069590248575
np028,720,primary,41,43,event41_timing43,weather_projection20_vs_noise20,weather_projection20,noise20,downward_timing,conditional_median_mae_minutes,1328,6,56.306475903614455,54.73644578313253,1.570030120481924,-2.8683450268262467,-0.7093184979137703,2.837537091988132,-5.253816116435939,1.2303290414878432
np028,720,primary,41,43,event41_timing43,power_weather_summary40_vs_power_noise40,power_weather_summary40,power_noise40,state,return_brier,3772,7,0.16770134279227933,0.17803066892909294,-0.010329326136813616,5.801992543727197,-0.01724843725578107,-0.00384572946903472,2.7669452626717055,8.858782651274362
np028,720,primary,41,43,event41_timing43,power_weather_summary40_vs_power_noise40,power_weather_summary40,power_noise40,state,multiclass_brier,3772,7,0.7053974501113606,0.776922345252981,-0.07152489514162041,9.206183292144921,-0.09546645787719998,-0.055116834309448484,6.97247791953548,12.829074814459327
np028,720,primary,41,43,event41_timing43,power_weather_summary40_vs_power_noise40,power_weather_summary40,power_noise40,downward_timing,conditional_rps,1328,6,0.16271527555447876,0.16286350892370827,-0.0001482333692295057,0.09101693203659167,-0.0037086573820752644,0.002690716092587836,-1.6735986921585067,2.2643950041450367
np028,720,primary,41,43,event41_timing43,power_weather_summary40_vs_power_noise40,power_weather_summary40,power_noise40,downward_timing,conditional_median_mae_minutes,1328,6,54.38629518072289,54.36370481927711,0.022590361445779195,-0.04155412424682314,-1.3408820023837933,1.157372039724983,-2.1581196581196727,2.431077694235584
np028,720,primary,41,43,event41_timing43,power_weather_projection40_vs_power_noise40,power_weather_projection40,power_noise40,state,return_brier,3772,7,0.16602201377232098,0.17803066892909294,-0.012008655156771963,6.74527328858987,-0.02612788906772247,-0.0024915958046333427,1.6793480471367637,12.41047252815437
np028,720,primary,41,43,event41_timing43,power_weather_projection40_vs_power_noise40,power_weather_projection40,power_noise40,state,multiclass_brier,3772,7,0.724801451662422,0.776922345252981,-0.05212089359055894,6.7086361859739485,-0.0810223661958196,-0.03067821072164889,3.9380393435817567,10.070398146939253
np028,720,primary,41,43,event41_timing43,power_weather_projection40_vs_power_noise40,power_weather_projection40,power_noise40,downward_timing,conditional_rps,1328,6,0.16439988855066093,0.16286350892370827,0.0015363796269526608,-0.9433541234042497,-0.0027462118055070323,0.003675925887546533,-2.2781198802404257,1.6776452445816927
np028,720,primary,41,43,event41_timing43,power_weather_projection40_vs_power_noise40,power_weather_projection40,power_noise40,downward_timing,conditional_median_mae_minutes,1328,6,54.623493975903614,54.36370481927711,0.25978915662650337,-0.47787242883856607,-1.422924901185766,1.1087420042643927,-2.0845860893966783,2.562982786646182
np028,720,robust,42,44,event42_timing44,joint_vs_power,joint_raw88,power20,state,return_brier,3772,7,0.16067172035157792,0.17686938832987456,-0.016197667978296637,9.157982696297218,-0.02660789225703089,-0.007702485963966394,5.347246532311074,14.084309289749037
np028,720,robust,42,44,event42_timing44,joint_vs_power,joint_raw88,power20,state,multiclass_brier,3772,7,0.6667867152961474,0.7683581040911556,-0.10157138879500816,13.219277346615721,-0.13980267726101184,-0.07324957370843388,9.389510803547005,19.483941953133133
np028,720,robust,42,44,event42_timing44,joint_vs_power,joint_raw88,power20,downward_timing,conditional_rps,1328,6,0.16693980418802062,0.16248664041630048,0.004453163771720142,-2.740633790144753,-0.0005824442638608096,0.010710504540537819,-6.568033603469048,0.35918559527338134
np028,720,robust,42,44,event42_timing44,joint_vs_power,joint_raw88,power20,downward_timing,conditional_median_mae_minutes,1328,6,55.42545180722892,54.126506024096386,1.298945783132531,-2.3998330550918157,-0.18118181818182474,3.4431698663562806,-6.374178917988883,0.3334773333279726
np028,720,robust,42,44,event42_timing44,weather_summary20_vs_noise20,weather_summary20,noise20,state,return_brier,3772,7,0.1648330848100411,0.18052027559972508,-0.015687190789683975,8.689988278362604,-0.026543656239324614,-0.0050785941161589025,3.7378360710382865,12.319790525149338
np028,720,robust,42,44,event42_timing44,weather_summary20_vs_noise20,weather_summary20,noise20,state,multiclass_brier,3772,7,0.6856501276046595,0.8187354915821693,-0.1330853639775098,16.25498898555483,-0.1658717772741297,-0.10083151334008583,12.330972214186298,21.76580840476626
np028,720,robust,42,44,event42_timing44,weather_summary20_vs_noise20,weather_summary20,noise20,downward_timing,conditional_rps,1328,6,0.16496376688519074,0.1638147049628881,0.00114906192230263,-0.7014400340695559,-0.0015968076865146403,0.003780212988430204,-2.3302871302026906,0.9689815842245872
np028,720,robust,42,44,event42_timing44,weather_summary20_vs_noise20,weather_summary20,noise20,downward_timing,conditional_median_mae_minutes,1328,6,55.3125,54.9058734939759,0.40662650602409656,-0.7405883563052829,-0.3867848509266736,1.226126814362111,-2.2833973538198826,0.691642651296831
np028,720,robust,42,44,event42_timing44,weather_projection20_vs_noise20,weather_projection20,noise20,state,return_brier,3772,7,0.16296940371793192,0.18052027559972508,-0.017550871881793162,9.722382609646251,-0.03562754697487063,-0.003891555448498291,2.85197547645469,16.61996718457447
np028,720,robust,42,44,event42_timing44,weather_projection20_vs_noise20,weather_projection20,noise20,state,multiclass_brier,3772,7,0.7145134267050102,0.8187354915821693,-0.10422206487715913,12.729638075876581,-0.14193970236337225,-0.07297693142501978,9.03871089287141,16.651402184465535
np028,720,robust,42,44,event42_timing44,weather_projection20_vs_noise20,weather_projection20,noise20,downward_timing,conditional_rps,1328,6,0.16745879010338882,0.1638147049628881,0.0036440851405007135,-2.224516499496354,-0.0013035145385227875,0.007409940100177925,-4.5746495540121,0.7911505052783152
np028,720,robust,42,44,event42_timing44,weather_projection20_vs_noise20,weather_projection20,noise20,downward_timing,conditional_median_mae_minutes,1328,6,56.35165662650602,54.9058734939759,1.4457831325301171,-2.633203044641008,-0.5396825396825378,2.9715762273901802,-5.494505494505497,0.9537166900420724
np028,720,robust,42,44,event42_timing44,power_weather_summary40_vs_power_noise40,power_weather_summary40,power_noise40,state,return_brier,3772,7,0.16871029449283922,0.17927666237722956,-0.010566367884390332,5.893889223660819,-0.018759612707565654,-0.0028161696195796206,1.9575179214176952,8.994097006210547
np028,720,robust,42,44,event42_timing44,power_weather_summary40_vs_power_noise40,power_weather_summary40,power_noise40,state,multiclass_brier,3772,7,0.7116164944451605,0.774055024711812,-0.06243853026665147,8.06642012173462,-0.07847797385437771,-0.04882446729168346,6.583124289958077,10.162231938064428
np028,720,robust,42,44,event42_timing44,power_weather_summary40_vs_power_noise40,power_weather_summary40,power_noise40,downward_timing,conditional_rps,1328,6,0.16271575845920558,0.16313620316336963,-0.00042044470416405244,0.25772617972664724,-0.0029891255583793623,0.002092614658493863,-1.2978348249429894,1.8216971073174992
np028,720,robust,42,44,event42_timing44,power_weather_summary40_vs_power_noise40,power_weather_summary40,power_noise40,downward_timing,conditional_median_mae_minutes,1328,6,54.375,54.45406626506024,-0.07906626506024139,0.1451980916822193,-1.0368114161179587,1.0348664688427291,-1.9175257731958828,1.8611976685963583
np028,720,robust,42,44,event42_timing44,power_weather_projection40_vs_power_noise40,power_weather_projection40,power_noise40,state,return_brier,3772,7,0.16675647128857152,0.17927666237722956,-0.01252019108865804,6.983726115066425,-0.02561690563840585,-0.0039054758595529616,2.5915074649284864,12.178055584858294
np028,720,robust,42,44,event42_timing44,power_weather_projection40_vs_power_noise40,power_weather_projection40,power_noise40,state,multiclass_brier,3772,7,0.7275419953837061,0.774055024711812,-0.04651302932810586,6.009008125155324,-0.07703288096842555,-0.024619675478016065,3.38999902351571,9.259335133832474
np028,720,robust,42,44,event42_timing44,power_weather_projection40_vs_power_noise40,power_weather_projection40,power_noise40,downward_timing,conditional_rps,1328,6,0.16456916371148658,0.16313620316336963,0.0014329605481169516,-0.8783829219575212,-0.002655863893998911,0.004211629273528722,-2.616891263124188,1.600235821453444
np028,720,robust,42,44,event42_timing44,power_weather_projection40_vs_power_noise40,power_weather_projection40,power_noise40,downward_timing,conditional_median_mae_minutes,1328,6,55.064006024096386,54.45406626506024,0.6099397590361448,-1.1200995644057299,-1.1081370449678758,1.7816854678168568,-3.3608711978971195,1.95522810994615
np028,720,robust,43,45,event43_timing45,joint_vs_power,joint_raw88,power20,state,return_brier,3772,7,0.16010798668661055,0.177097161915936,-0.016989175229325443,9.5931380523138,-0.02868715080680696,-0.0071430607943082855,5.312669828991094,14.496714013034719
np028,720,robust,43,45,event43_timing45,joint_vs_power,joint_raw88,power20,state,multiclass_brier,3772,7,0.6737798427932125,0.7664495965449334,-0.09266975375172093,12.09078250800385,-0.12738833980929487,-0.06685119285672511,8.618705284094899,17.64417136484141
np028,720,robust,43,45,event43_timing45,joint_vs_power,joint_raw88,power20,downward_timing,conditional_rps,1328,6,0.1661916487082268,0.1620814076635521,0.004110241044674695,-2.535911492826326,-0.00048286661578345047,0.010630230472929797,-6.565215555049053,0.29657122001451874
np028,720,robust,43,45,event43_timing45,joint_vs_power,joint_raw88,power20,downward_timing,conditional_median_mae_minutes,1328,6,55.09789156626506,54.149096385542165,0.9487951807228967,-1.7521902377972465,-0.8737864077669926,3.2994186046511587,-6.093959731543608,1.6204272035354794
np028,720,robust,43,45,event43_timing45,weather_summary20_vs_noise20,weather_summary20,noise20,state,return_brier,3772,7,0.1632400132360245,0.17933530238233805,-0.016095289146313557,8.974969753584173,-0.02511312230980394,-0.007973024091847304,5.530811215768061,11.796426271671919
np028,720,robust,43,45,event43_timing45,weather_summary20_vs_noise20,weather_summary20,noise20,state,multiclass_brier,3772,7,0.6898160529821592,0.8125813709166922,-0.12276531793453305,15.108064537098432,-0.15338442168080146,-0.09264614519130045,11.38060727956219,20.337502463658087
np028,720,robust,43,45,event43_timing45,weather_summary20_vs_noise20,weather_summary20,noise20,downward_timing,conditional_rps,1328,6,0.16312621811689412,0.16365099576609948,-0.0005247776492053602,0.32066877854834974,-0.0035980364722675295,0.0011859504947276112,-0.7324043241159206,2.180782103530321
np028,720,robust,43,45,event43_timing45,weather_summary20_vs_noise20,weather_summary20,noise20,downward_timing,conditional_median_mae_minutes,1328,6,54.702560240963855,54.65737951807229,0.045180722891565495,-0.0826617069642488,-1.121673003802286,0.5306407371412141,-0.9951060358890595,1.9865057832357442
np028,720,robust,43,45,event43_timing45,weather_projection20_vs_noise20,weather_projection20,noise20,state,return_brier,3772,7,0.16139834420846536,0.17933530238233805,-0.017936958173872697,10.001911467286895,-0.03449310862127323,-0.006008703469515694,4.110078320354383,16.537970422660486
np028,720,robust,43,45,event43_timing45,weather_projection20_vs_noise20,weather_projection20,noise20,state,multiclass_brier,3772,7,0.7216054988243872,0.8125813709166922,-0.09097587209230507,11.195909154263905,-0.1300187329084536,-0.05902186764471706,7.374345967262008,15.274055229285146
np028,720,robust,43,45,event43_timing45,weather_projection20_vs_noise20,weather_projection20,noise20,downward_timing,conditional_rps,1328,6,0.16612003806309433,0.16365099576609948,0.00246904229699485,-1.508724273528883,-0.001592627458652008,0.005585577752713344,-3.476548255273304,0.9575445473874913
np028,720,robust,43,45,event43_timing45,weather_projection20_vs_noise20,weather_projection20,noise20,downward_timing,conditional_median_mae_minutes,1328,6,55.95632530120482,54.65737951807229,1.298945783132531,-2.376524075222153,-0.31557177923716534,2.236646884272993,-4.145184574138994,0.567300709514507
np028,720,robust,43,45,event43_timing45,power_weather_summary40_vs_power_noise40,power_weather_summary40,power_noise40,state,return_brier,3772,7,0.16940907704015676,0.17795430932592662,-0.008545232285769866,4.801924897541598,-0.015560281189830955,-0.0017855570287400083,1.2776471562915628,8.020313244350774
np028,720,robust,43,45,event43_timing45,power_weather_summary40_vs_power_noise40,power_weather_summary40,power_noise40,state,multiclass_brier,3772,7,0.709607406255111,0.7717095163006162,-0.062102110045505254,8.047342780377697,-0.08291951755918456,-0.045517289985064366,6.079277914674619,10.840620995006478
np028,720,robust,43,45,event43_timing45,power_weather_summary40_vs_power_noise40,power_weather_summary40,power_noise40,downward_timing,conditional_rps,1328,6,0.16229101966556644,0.16323539884573307,-0.0009443791801666268,0.5785382256817462,-0.004971297397618146,0.0017497211974848992,-1.0778094677170724,3.0451641949834922
np028,720,robust,43,45,event43_timing45,power_weather_summary40_vs_power_noise40,power_weather_summary40,power_noise40,downward_timing,conditional_median_mae_minutes,1328,6,54.047439759036145,54.431475903614455,-0.38403614457831026,0.7055405685826854,-1.6825396825396837,0.6569343065693403,-1.228878648233489,3.0311695739205002
np028,720,robust,43,45,event43_timing45,power_weather_projection40_vs_power_noise40,power_weather_projection40,power_noise40,state,return_brier,3772,7,0.1642848986728237,0.17795430932592662,-0.013669410653102926,7.681415923492551,-0.02738972794420688,-0.004535613641711463,2.959265595704103,13.36918679635955
np028,720,robust,43,45,event43_timing45,power_weather_projection40_vs_power_noise40,power_weather_projection40,power_noise40,state,multiclass_brier,3772,7,0.7308128159672344,0.7717095163006162,-0.040896700333381886,5.299494106205982,-0.07592577529347533,-0.018046290802318468,2.444026744430871,9.217964084466722
np028,720,robust,43,45,event43_timing45,power_weather_projection40_vs_power_noise40,power_weather_projection40,power_noise40,downward_timing,conditional_rps,1328,6,0.1640502932060981,0.16323539884573307,0.000814894360365026,-0.4992142428218882,-0.003941743430723066,0.0044471510796245395,-2.781018667606361,2.3690659979139106
np028,720,robust,43,45,event43_timing45,power_weather_projection40_vs_power_noise40,power_weather_projection40,power_noise40,downward_timing,conditional_median_mae_minutes,1328,6,54.600903614457835,54.431475903614455,0.1694277108433795,-0.3112678979041439,-1.5756119960988253,1.449893390191896,-2.709703128113161,2.9112633073537633
