package,lead_minutes,run_type,event_seed,timing_seed,seed_label,arm,task,metric,absolute_score,relative_vs_frequency_pct,frequency_score,windows,valid_windows,positive_events
np025,15,primary,41,43,event41_timing43,power20,state,return_brier,0.16010054456176206,11.75994252514233,0.18143748898552076,6996,6996,2653
np025,15,primary,41,43,event41_timing43,power20,state,multiclass_brier,0.5756118546472161,16.838106481511605,0.6921581872342134,6996,6996,2653
np025,15,primary,41,43,event41_timing43,power20,downward_timing,conditional_rps,0.154843951975543,6.625418345044287,0.16583094588603695,6996,2653,2653
np025,15,primary,41,43,event41_timing43,power20,downward_timing,conditional_median_mae_minutes,50.95929136826234,7.644225842811769,55.17715793441387,6996,2653,2653
np025,15,primary,41,43,event41_timing43,weather_raw72,state,return_brier,0.1742540623489306,3.9591744113937843,0.18143748898552076,6996,6996,2653
np025,15,primary,41,43,event41_timing43,weather_raw72,state,multiclass_brier,0.6230270811592974,9.987761085533952,0.6921581872342134,6996,6996,2653
np025,15,primary,41,43,event41_timing43,weather_raw72,downward_timing,conditional_rps,0.17093569327677635,-3.078283949635985,0.16583094588603695,6996,2653,2653
np025,15,primary,41,43,event41_timing43,weather_raw72,downward_timing,conditional_median_mae_minutes,56.66415378816434,-2.6949482528947577,55.17715793441387,6996,2653,2653
np025,15,primary,41,43,event41_timing43,joint_raw88,state,return_brier,0.16449797913072148,9.336278819506315,0.18143748898552076,6996,6996,2653
np025,15,primary,41,43,event41_timing43,joint_raw88,state,multiclass_brier,0.5615382004618155,18.871406736419715,0.6921581872342134,6996,6996,2653
np025,15,primary,41,43,event41_timing43,joint_raw88,downward_timing,conditional_rps,0.1535572482658362,7.401331250100651,0.16583094588603695,6996,2653,2653
np025,15,primary,41,43,event41_timing43,joint_raw88,downward_timing,conditional_median_mae_minutes,50.399547681869585,8.65867404447176,55.17715793441387,6996,2653,2653
np025,15,primary,41,43,event41_timing43,weather_summary20,state,return_brier,0.1703910028724853,6.08831514082352,0.18143748898552076,6996,6996,2653
np025,15,primary,41,43,event41_timing43,weather_summary20,state,multiclass_brier,0.6079216173517908,12.170132700304027,0.6921581872342134,6996,6996,2653
np025,15,primary,41,43,event41_timing43,weather_summary20,downward_timing,conditional_rps,0.16706048694034722,-0.7414424658442442,0.16583094588603695,6996,2653,2653
np025,15,primary,41,43,event41_timing43,weather_summary20,downward_timing,conditional_median_mae_minutes,56.03090840557859,-1.5472896813198078,55.17715793441387,6996,2653,2653
np025,15,primary,41,43,event41_timing43,weather_projection20,state,return_brier,0.174518749238684,3.8132911701555194,0.18143748898552076,6996,6996,2653
np025,15,primary,41,43,event41_timing43,weather_projection20,state,multiclass_brier,0.6167145609354427,10.899766511501507,0.6921581872342134,6996,6996,2653
np025,15,primary,41,43,event41_timing43,weather_projection20,downward_timing,conditional_rps,0.17193216936764882,-3.6791827056240622,0.16583094588603695,6996,2653,2653
np025,15,primary,41,43,event41_timing43,weather_projection20,downward_timing,conditional_median_mae_minutes,57.715793441387106,-4.600881237831733,55.17715793441387,6996,2653,2653
np025,15,primary,41,43,event41_timing43,noise20,state,return_brier,0.20754445663902388,-14.388959966033553,0.18143748898552076,6996,6996,2653
np025,15,primary,41,43,event41_timing43,noise20,state,multiclass_brier,0.8420819801654333,-21.660336567035145,0.6921581872342134,6996,6996,2653
np025,15,primary,41,43,event41_timing43,noise20,downward_timing,conditional_rps,0.1678359861173964,-1.2090868930684229,0.16583094588603695,6996,2653,2653
np025,15,primary,41,43,event41_timing43,noise20,downward_timing,conditional_median_mae_minutes,56.15529589144365,-1.7727226150220377,55.17715793441387,6996,2653,2653
np025,15,primary,41,43,event41_timing43,power_weather_summary40,state,return_brier,0.16000988784276468,11.809908339541709,0.18143748898552076,6996,6996,2653
np025,15,primary,41,43,event41_timing43,power_weather_summary40,state,multiclass_brier,0.5451432304965822,21.24008058404777,0.6921581872342134,6996,6996,2653
np025,15,primary,41,43,event41_timing43,power_weather_summary40,downward_timing,conditional_rps,0.15390725214444567,7.190270596288784,0.16583094588603695,6996,2653,2653
np025,15,primary,41,43,event41_timing43,power_weather_summary40,downward_timing,conditional_median_mae_minutes,50.55785902751602,8.37175940157804,55.17715793441387,6996,2653,2653
np025,15,primary,41,43,event41_timing43,power_weather_projection40,state,return_brier,0.16202424106813748,10.699689477587793,0.18143748898552076,6996,6996,2653
np025,15,primary,41,43,event41_timing43,power_weather_projection40,state,multiclass_brier,0.5574140648124307,19.467243891198503,0.6921581872342134,6996,6996,2653
np025,15,primary,41,43,event41_timing43,power_weather_projection40,downward_timing,conditional_rps,0.15611927783955684,5.8563665512432195,0.16583094588603695,6996,2653,2653
np025,15,primary,41,43,event41_timing43,power_weather_projection40,downward_timing,conditional_median_mae_minutes,51.72823218997362,6.250640434470734,55.17715793441387,6996,2653,2653
np025,15,primary,41,43,event41_timing43,power_noise40,state,return_brier,0.16014840899480545,11.733561850833507,0.18143748898552076,6996,6996,2653
np025,15,primary,41,43,event41_timing43,power_noise40,state,multiclass_brier,0.580364626402148,16.151446720406494,0.6921581872342134,6996,6996,2653
np025,15,primary,41,43,event41_timing43,power_noise40,downward_timing,conditional_rps,0.15340501600904577,7.49313091751318,0.16583094588603695,6996,2653,2653
np025,15,primary,41,43,event41_timing43,power_noise40,downward_timing,conditional_median_mae_minutes,50.80663399924614,7.920893534173579,55.17715793441387,6996,2653,2653
np025,15,robust,42,44,event42_timing44,power20,state,return_brier,0.15975257725996245,11.951726099609338,0.18143748898552076,6996,6996,2653
np025,15,robust,42,44,event42_timing44,power20,state,multiclass_brier,0.5743616892103763,17.018724938375527,0.6921581872342134,6996,6996,2653
np025,15,robust,42,44,event42_timing44,power20,downward_timing,conditional_rps,0.15493932078470318,6.567908687452551,0.16583094588603695,6996,2653,2653
np025,15,robust,42,44,event42_timing44,power20,downward_timing,conditional_median_mae_minutes,51.145872597059935,7.306076442258425,55.17715793441387,6996,2653,2653
np025,15,robust,42,44,event42_timing44,weather_raw72,state,return_brier,0.1737006266940296,4.264202693032515,0.18143748898552076,6996,6996,2653
np025,15,robust,42,44,event42_timing44,weather_raw72,state,multiclass_brier,0.6242450194970033,9.811798659578608,0.6921581872342134,6996,6996,2653
np025,15,robust,42,44,event42_timing44,weather_raw72,downward_timing,conditional_rps,0.17204262707503373,-3.745791327310899,0.16583094588603695,6996,2653,2653
np025,15,robust,42,44,event42_timing44,weather_raw72,downward_timing,conditional_median_mae_minutes,57.167357708254805,-3.6069269392355885,55.17715793441387,6996,2653,2653
np025,15,robust,42,44,event42_timing44,joint_raw88,state,return_brier,0.16335155564369958,9.968134723945887,0.18143748898552076,6996,6996,2653
np025,15,robust,42,44,event42_timing44,joint_raw88,state,multiclass_brier,0.5603233207882379,19.046927259904688,0.6921581872342134,6996,6996,2653
np025,15,robust,42,44,event42_timing44,joint_raw88,downward_timing,conditional_rps,0.15367159779616962,7.332375766718191,0.16583094588603695,6996,2653,2653
np025,15,robust,42,44,event42_timing44,joint_raw88,downward_timing,conditional_median_mae_minutes,50.33735393893705,8.771390511322885,55.17715793441387,6996,2653,2653
np025,15,robust,42,44,event42_timing44,weather_summary20,state,return_brier,0.1705386323287987,6.006948573672011,0.18143748898552076,6996,6996,2653
np025,15,robust,42,44,event42_timing44,weather_summary20,state,multiclass_brier,0.6074573467328294,12.23720849706902,0.6921581872342134,6996,6996,2653
np025,15,robust,42,44,event42_timing44,weather_summary20,downward_timing,conditional_rps,0.1672390561981051,-0.8491239705259002,0.16583094588603695,6996,2653,2653
np025,15,robust,42,44,event42_timing44,weather_summary20,downward_timing,conditional_median_mae_minutes,55.736901620806634,-1.014448201660012,55.17715793441387,6996,2653,2653
np025,15,robust,42,44,event42_timing44,weather_projection20,state,return_brier,0.17815270640316994,1.810421099143933,0.18143748898552076,6996,6996,2653
np025,15,robust,42,44,event42_timing44,weather_projection20,state,multiclass_brier,0.6247925952847169,9.73268729489164,0.6921581872342134,6996,6996,2653
np025,15,robust,42,44,event42_timing44,weather_projection20,downward_timing,conditional_rps,0.17233636819401746,-3.9229242004391596,0.16583094588603695,6996,2653,2653
np025,15,robust,42,44,event42_timing44,weather_projection20,downward_timing,conditional_median_mae_minutes,57.857142857142854,-4.85705502612972,55.17715793441387,6996,2653,2653
np025,15,robust,42,44,event42_timing44,noise20,state,return_brier,0.2086577943774764,-15.00258052740573,0.18143748898552076,6996,6996,2653
np025,15,robust,42,44,event42_timing44,noise20,state,multiclass_brier,0.8546289197699176,-23.47306374933149,0.6921581872342134,6996,6996,2653
np025,15,robust,42,44,event42_timing44,noise20,downward_timing,conditional_rps,0.1678278806501567,-1.2041991037620159,0.16583094588603695,6996,2653,2653
np025,15,robust,42,44,event42_timing44,noise20,downward_timing,conditional_median_mae_minutes,56.27402940067848,-1.9879085971923338,55.17715793441387,6996,2653,2653
np025,15,robust,42,44,event42_timing44,power_weather_summary40,state,return_brier,0.16061976207072257,11.473773711925384,0.18143748898552076,6996,6996,2653
np025,15,robust,42,44,event42_timing44,power_weather_summary40,state,multiclass_brier,0.5457134878886009,21.157692279966977,0.6921581872342134,6996,6996,2653
np025,15,robust,42,44,event42_timing44,power_weather_summary40,downward_timing,conditional_rps,0.15397436656275404,7.1497990076176965,0.16583094588603695,6996,2653,2653
np025,15,robust,42,44,event42_timing44,power_weather_summary40,downward_timing,conditional_median_mae_minutes,50.49566528458349,8.484475868429142,55.17715793441387,6996,2653,2653
np025,15,robust,42,44,event42_timing44,power_weather_projection40,state,return_brier,0.16169227737096747,10.882652601155108,0.18143748898552076,6996,6996,2653
np025,15,robust,42,44,event42_timing44,power_weather_projection40,state,multiclass_brier,0.5576382429176393,19.434855615029377,0.6921581872342134,6996,6996,2653
np025,15,robust,42,44,event42_timing44,power_weather_projection40,downward_timing,conditional_rps,0.15583155614389277,6.029869569106838,0.16583094588603695,6996,2653,2653
np025,15,robust,42,44,event42_timing44,power_weather_projection40,downward_timing,conditional_median_mae_minutes,51.46814926498304,6.722000204939027,55.17715793441387,6996,2653,2653
np025,15,robust,42,44,event42_timing44,power_noise40,state,return_brier,0.16055605317207183,11.508887127023304,0.18143748898552076,6996,6996,2653
np025,15,robust,42,44,event42_timing44,power_noise40,state,multiclass_brier,0.5789772668048552,16.35188639198454,0.6921581872342134,6996,6996,2653
np025,15,robust,42,44,event42_timing44,power_noise40,downward_timing,conditional_rps,0.15445133613360712,6.862175025070516,0.16583094588603695,6996,2653,2653
np025,15,robust,42,44,event42_timing44,power_noise40,downward_timing,conditional_median_mae_minutes,50.98190727478327,7.603238036684079,55.17715793441387,6996,2653,2653
np025,15,robust,43,45,event43_timing45,power20,state,return_brier,0.15991860801598481,11.860217582295363,0.18143748898552076,6996,6996,2653
np025,15,robust,43,45,event43_timing45,power20,state,multiclass_brier,0.575117728847166,16.909495624797554,0.6921581872342134,6996,6996,2653
np025,15,robust,43,45,event43_timing45,power20,downward_timing,conditional_rps,0.1548972214575545,6.593295581873104,0.16583094588603695,6996,2653,2653
np025,15,robust,43,45,event43_timing45,power20,downward_timing,conditional_median_mae_minutes,51.10064078401809,7.388052054513783,55.17715793441387,6996,2653,2653
np025,15,robust,43,45,event43_timing45,weather_raw72,state,return_brier,0.17435788523691917,3.9019520101309157,0.18143748898552076,6996,6996,2653
np025,15,robust,43,45,event43_timing45,weather_raw72,state,multiclass_brier,0.6241288460729936,9.828582889853177,0.6921581872342134,6996,6996,2653
np025,15,robust,43,45,event43_timing45,weather_raw72,downward_timing,conditional_rps,0.17000310968827,-2.5159138904630396,0.16583094588603695,6996,2653,2653
np025,15,robust,43,45,event43_timing45,weather_raw72,downward_timing,conditional_median_mae_minutes,56.12137203166227,-1.7112409058305245,55.17715793441387,6996,2653,2653
np025,15,robust,43,45,event43_timing45,joint_raw88,state,return_brier,0.1643069175982991,9.441583149659182,0.18143748898552076,6996,6996,2653
np025,15,robust,43,45,event43_timing45,joint_raw88,state,multiclass_brier,0.562581772519228,18.72063599113928,0.6921581872342134,6996,6996,2653
np025,15,robust,43,45,event43_timing45,joint_raw88,downward_timing,conditional_rps,0.153135714721514,7.655525991661061,0.16583094588603695,6996,2653,2653
np025,15,robust,43,45,event43_timing45,joint_raw88,downward_timing,conditional_median_mae_minutes,50.241236336223146,8.945588687365502,55.17715793441387,6996,2653,2653
np025,15,robust,43,45,event43_timing45,weather_summary20,state,return_brier,0.17162437687651647,5.408536110079987,0.18143748898552076,6996,6996,2653
np025,15,robust,43,45,event43_timing45,weather_summary20,state,multiclass_brier,0.6107165276541977,11.766336233838025,0.6921581872342134,6996,6996,2653
np025,15,robust,43,45,event43_timing45,weather_summary20,downward_timing,conditional_rps,0.1676058167449096,-1.070289293346005,0.16583094588603695,6996,2653,2653
np025,15,robust,43,45,event43_timing45,weather_summary20,downward_timing,conditional_median_mae_minutes,56.27402940067848,-1.9879085971923338,55.17715793441387,6996,2653,2653
np025,15,robust,43,45,event43_timing45,weather_projection20,state,return_brier,0.17645597335780605,2.745582324561513,0.18143748898552076,6996,6996,2653
np025,15,robust,43,45,event43_timing45,weather_projection20,state,multiclass_brier,0.6193900781933892,10.513219432048826,0.6921581872342134,6996,6996,2653
np025,15,robust,43,45,event43_timing45,weather_projection20,downward_timing,conditional_rps,0.17244621131925422,-3.989162214490083,0.16583094588603695,6996,2653,2653
np025,15,robust,43,45,event43_timing45,weather_projection20,downward_timing,conditional_median_mae_minutes,57.84018092725217,-4.826314171533985,55.17715793441387,6996,2653,2653
np025,15,robust,43,45,event43_timing45,noise20,state,return_brier,0.20528465573649946,-13.14346163205653,0.18143748898552076,6996,6996,2653
np025,15,robust,43,45,event43_timing45,noise20,state,multiclass_brier,0.8300871948500939,-19.927382231369585,0.6921581872342134,6996,6996,2653
np025,15,robust,43,45,event43_timing45,noise20,downward_timing,conditional_rps,0.16767913253035854,-1.1145004537281622,0.16583094588603695,6996,2653,2653
np025,15,robust,43,45,event43_timing45,noise20,downward_timing,conditional_median_mae_minutes,56.189219751225025,-1.8342043242135508,55.17715793441387,6996,2653,2653
np025,15,robust,43,45,event43_timing45,power_weather_summary40,state,return_brier,0.1603224566139567,11.63763480724157,0.18143748898552076,6996,6996,2653
np025,15,robust,43,45,event43_timing45,power_weather_summary40,state,multiclass_brier,0.5465037012441482,21.043525696356248,0.6921581872342134,6996,6996,2653
np025,15,robust,43,45,event43_timing45,power_weather_summary40,downward_timing,conditional_rps,0.15392293356122425,7.1808143294293085,0.16583094588603695,6996,2653,2653
np025,15,robust,43,45,event43_timing45,power_weather_summary40,downward_timing,conditional_median_mae_minutes,50.55220505088579,8.38200635310995,55.17715793441387,6996,2653,2653
np025,15,robust,43,45,event43_timing45,power_weather_projection40,state,return_brier,0.16217925439779196,10.614253259019502,0.18143748898552076,6996,6996,2653
np025,15,robust,43,45,event43_timing45,power_weather_projection40,state,multiclass_brier,0.5573902590053147,19.470683250517673,0.6921581872342134,6996,6996,2653
np025,15,robust,43,45,event43_timing45,power_weather_projection40,downward_timing,conditional_rps,0.15575027906339045,6.078881579541962,0.16583094588603695,6996,2653,2653
np025,15,robust,43,45,event43_timing45,power_weather_projection40,downward_timing,conditional_median_mae_minutes,51.225028269883154,7.162619120811553,55.17715793441387,6996,2653,2653
np025,15,robust,43,45,event43_timing45,power_noise40,state,return_brier,0.16000594069078697,11.81208382819059,0.18143748898552076,6996,6996,2653
np025,15,robust,43,45,event43_timing45,power_noise40,state,multiclass_brier,0.5781057314266954,16.47780202720116,0.6921581872342134,6996,6996,2653
np025,15,robust,43,45,event43_timing45,power_noise40,downward_timing,conditional_rps,0.15419232667131916,7.018363884094425,0.16583094588603695,6996,2653,2653
np025,15,robust,43,45,event43_timing45,power_noise40,downward_timing,conditional_median_mae_minutes,51.03844704108556,7.500768521364898,55.17715793441387,6996,2653,2653
np025,240,primary,41,43,event41_timing43,power20,state,return_brier,0.1733884809493932,4.428691297065113,0.18142315230645012,6996,6996,2653
np025,240,primary,41,43,event41_timing43,power20,state,multiclass_brier,0.6440337500421701,6.948901406810082,0.6921291202136378,6996,6996,2653
np025,240,primary,41,43,event41_timing43,power20,downward_timing,conditional_rps,0.16666954805004194,-0.5056970274904593,0.16583094588603695,6996,2653,2653
np025,240,primary,41,43,event41_timing43,power20,downward_timing,conditional_median_mae_minutes,55.459856765925366,-0.5123475765959729,55.17715793441387,6996,2653,2653
np025,240,primary,41,43,event41_timing43,weather_raw72,state,return_brier,0.1742170677238427,3.9719762836196826,0.18142315230645012,6996,6996,2653
np025,240,primary,41,43,event41_timing43,weather_raw72,state,multiclass_brier,0.6234192481864582,9.927319920590982,0.6921291202136378,6996,6996,2653
np025,240,primary,41,43,event41_timing43,weather_raw72,downward_timing,conditional_rps,0.17093569327677635,-3.078283949635985,0.16583094588603695,6996,2653,2653
np025,240,primary,41,43,event41_timing43,weather_raw72,downward_timing,conditional_median_mae_minutes,56.66415378816434,-2.6949482528947577,55.17715793441387,6996,2653,2653
np025,240,primary,41,43,event41_timing43,joint_raw88,state,return_brier,0.17218662680462932,5.091150376562171,0.18142315230645012,6996,6996,2653
np025,240,primary,41,43,event41_timing43,joint_raw88,state,multiclass_brier,0.6101653943130622,11.842259414728296,0.6921291202136378,6996,6996,2653
np025,240,primary,41,43,event41_timing43,joint_raw88,downward_timing,conditional_rps,0.18255613277274932,-10.085685031433345,0.16583094588603695,6996,2653,2653
np025,240,primary,41,43,event41_timing43,joint_raw88,downward_timing,conditional_median_mae_minutes,60.288352808141724,-9.263244184855001,55.17715793441387,6996,2653,2653
np025,240,primary,41,43,event41_timing43,weather_summary20,state,return_brier,0.17064278408832095,5.942112724355908,0.18142315230645012,6996,6996,2653
np025,240,primary,41,43,event41_timing43,weather_summary20,state,multiclass_brier,0.6071711829707771,12.274868194627754,0.6921291202136378,6996,6996,2653
np025,240,primary,41,43,event41_timing43,weather_summary20,downward_timing,conditional_rps,0.16706048694034722,-0.7414424658442442,0.16583094588603695,6996,2653,2653
np025,240,primary,41,43,event41_timing43,weather_summary20,downward_timing,conditional_median_mae_minutes,56.03090840557859,-1.5472896813198078,55.17715793441387,6996,2653,2653
np025,240,primary,41,43,event41_timing43,weather_projection20,state,return_brier,0.17471097162918986,3.6997376530655823,0.18142315230645012,6996,6996,2653
np025,240,primary,41,43,event41_timing43,weather_projection20,state,multiclass_brier,0.6166001231004822,10.912558785251269,0.6921291202136378,6996,6996,2653
np025,240,primary,41,43,event41_timing43,weather_projection20,downward_timing,conditional_rps,0.17206184990847792,-3.757383152552851,0.16583094588603695,6996,2653,2653
np025,240,primary,41,43,event41_timing43,weather_projection20,downward_timing,conditional_median_mae_minutes,57.6196758386732,-4.426683061789127,55.17715793441387,6996,2653,2653
np025,240,primary,41,43,event41_timing43,noise20,state,return_brier,0.2060956034199906,-13.599395005475978,0.18142315230645012,6996,6996,2653
np025,240,primary,41,43,event41_timing43,noise20,state,multiclass_brier,0.8285073817899402,-19.704164670055626,0.6921291202136378,6996,6996,2653
np025,240,primary,41,43,event41_timing43,noise20,downward_timing,conditional_rps,0.1678359861173964,-1.2090868930684229,0.16583094588603695,6996,2653,2653
np025,240,primary,41,43,event41_timing43,noise20,downward_timing,conditional_median_mae_minutes,56.15529589144365,-1.7727226150220377,55.17715793441387,6996,2653,2653
np025,240,primary,41,43,event41_timing43,power_weather_summary40,state,return_brier,0.17144636475409922,5.499181017149701,0.18142315230645012,6996,6996,2653
np025,240,primary,41,43,event41_timing43,power_weather_summary40,state,multiclass_brier,0.6028465024341775,12.899705441074595,0.6921291202136378,6996,6996,2653
np025,240,primary,41,43,event41_timing43,power_weather_summary40,downward_timing,conditional_rps,0.16816996557612718,-1.410484441002735,0.16583094588603695,6996,2653,2653
np025,240,primary,41,43,event41_timing43,power_weather_summary40,downward_timing,conditional_median_mae_minutes,56.00263852242744,-1.496054923660206,55.17715793441387,6996,2653,2653
np025,240,primary,41,43,event41_timing43,power_weather_projection40,state,return_brier,0.17421969346582572,3.970528981029231,0.18142315230645012,6996,6996,2653
np025,240,primary,41,43,event41_timing43,power_weather_projection40,state,multiclass_brier,0.6144058214885093,11.22959523811653,0.6921291202136378,6996,6996,2653
np025,240,primary,41,43,event41_timing43,power_weather_projection40,downward_timing,conditional_rps,0.16855071068918553,-1.6400827895040049,0.16583094588603695,6996,2653,2653
np025,240,primary,41,43,event41_timing43,power_weather_projection40,downward_timing,conditional_median_mae_minutes,56.23445156426687,-1.9161799364689092,55.17715793441387,6996,2653,2653
np025,240,primary,41,43,event41_timing43,power_noise40,state,return_brier,0.173252877719023,4.503435467611283,0.18142315230645012,6996,6996,2653
np025,240,primary,41,43,event41_timing43,power_noise40,state,multiclass_brier,0.6505131474263557,6.012746982013506,0.6921291202136378,6996,6996,2653
np025,240,primary,41,43,event41_timing43,power_noise40,downward_timing,conditional_rps,0.16531870405205693,0.30889399517267657,0.16583094588603695,6996,2653,2653
np025,240,primary,41,43,event41_timing43,power_noise40,downward_timing,conditional_median_mae_minutes,55.22804372408594,-0.09222256378726978,55.17715793441387,6996,2653,2653
np025,240,robust,42,44,event42_timing44,power20,state,return_brier,0.17283044701791794,4.736278241940061,0.18142315230645012,6996,6996,2653
np025,240,robust,42,44,event42_timing44,power20,state,multiclass_brier,0.643274601345349,7.058584509955168,0.6921291202136378,6996,6996,2653
np025,240,robust,42,44,event42_timing44,power20,downward_timing,conditional_rps,0.16649508817303468,-0.40049357702762745,0.16583094588603695,6996,2653,2653
np025,240,robust,42,44,event42_timing44,power20,downward_timing,conditional_median_mae_minutes,55.57293629852997,-0.7172866072343576,55.17715793441387,6996,2653,2653
np025,240,robust,42,44,event42_timing44,weather_raw72,state,return_brier,0.17360361109966124,4.310112081825446,0.18142315230645012,6996,6996,2653
np025,240,robust,42,44,event42_timing44,weather_raw72,state,multiclass_brier,0.6238850872493098,9.86001469541742,0.6921291202136378,6996,6996,2653
np025,240,robust,42,44,event42_timing44,weather_raw72,downward_timing,conditional_rps,0.17204262707503373,-3.745791327310899,0.16583094588603695,6996,2653,2653
np025,240,robust,42,44,event42_timing44,weather_raw72,downward_timing,conditional_median_mae_minutes,57.167357708254805,-3.6069269392355885,55.17715793441387,6996,2653,2653
np025,240,robust,42,44,event42_timing44,joint_raw88,state,return_brier,0.17240232488766755,4.972258118161832,0.18142315230645012,6996,6996,2653
np025,240,robust,42,44,event42_timing44,joint_raw88,state,multiclass_brier,0.6103652412397278,11.813385188687365,0.6921291202136378,6996,6996,2653
np025,240,robust,42,44,event42_timing44,joint_raw88,downward_timing,conditional_rps,0.17866790364450044,-7.740990494793043,0.16583094588603695,6996,2653,2653
np025,240,robust,42,44,event42_timing44,joint_raw88,downward_timing,conditional_median_mae_minutes,59.423294383716545,-7.695460600471349,55.17715793441387,6996,2653,2653
np025,240,robust,42,44,event42_timing44,weather_summary20,state,return_brier,0.1706918903612405,5.915045466238489,0.18142315230645012,6996,6996,2653
np025,240,robust,42,44,event42_timing44,weather_summary20,state,multiclass_brier,0.6083621220145955,12.102799283056632,0.6921291202136378,6996,6996,2653
np025,240,robust,42,44,event42_timing44,weather_summary20,downward_timing,conditional_rps,0.1672390561981051,-0.8491239705259002,0.16583094588603695,6996,2653,2653
np025,240,robust,42,44,event42_timing44,weather_summary20,downward_timing,conditional_median_mae_minutes,55.736901620806634,-1.014448201660012,55.17715793441387,6996,2653,2653
np025,240,robust,42,44,event42_timing44,weather_projection20,state,return_brier,0.17719529552082888,2.3303843703915916,0.18142315230645012,6996,6996,2653
np025,240,robust,42,44,event42_timing44,weather_projection20,state,multiclass_brier,0.6218973159858543,10.14721129001266,0.6921291202136378,6996,6996,2653
np025,240,robust,42,44,event42_timing44,weather_projection20,downward_timing,conditional_rps,0.17200871497798711,-3.725341527145165,0.16583094588603695,6996,2653,2653
np025,240,robust,42,44,event42_timing44,weather_projection20,downward_timing,conditional_median_mae_minutes,57.82321899736148,-4.795573316938206,55.17715793441387,6996,2653,2653
np025,240,robust,42,44,event42_timing44,noise20,state,return_brier,0.20828329978243035,-14.805247915993402,0.18142315230645012,6996,6996,2653
np025,240,robust,42,44,event42_timing44,noise20,state,multiclass_brier,0.84387028935025,-21.923823850927505,0.6921291202136378,6996,6996,2653
np025,240,robust,42,44,event42_timing44,noise20,downward_timing,conditional_rps,0.1678278806501567,-1.2041991037620159,0.16583094588603695,6996,2653,2653
np025,240,robust,42,44,event42_timing44,noise20,downward_timing,conditional_median_mae_minutes,56.27402940067848,-1.9879085971923338,55.17715793441387,6996,2653,2653
np025,240,robust,42,44,event42_timing44,power_weather_summary40,state,return_brier,0.17064460228796727,5.94111053713603,0.18142315230645012,6996,6996,2653
np025,240,robust,42,44,event42_timing44,power_weather_summary40,state,multiclass_brier,0.6003432191276522,13.261384098050122,0.6921291202136378,6996,6996,2653
np025,240,robust,42,44,event42_timing44,power_weather_summary40,downward_timing,conditional_rps,0.16892187518686833,-1.8639037993279928,0.16583094588603695,6996,2653,2653
np025,240,robust,42,44,event42_timing44,power_weather_summary40,downward_timing,conditional_median_mae_minutes,56.268375424048244,-1.9776616456604224,55.17715793441387,6996,2653,2653
np025,240,robust,42,44,event42_timing44,power_weather_projection40,state,return_brier,0.17433879124194102,3.904882576697044,0.18142315230645012,6996,6996,2653
np025,240,robust,42,44,event42_timing44,power_weather_projection40,state,multiclass_brier,0.614815398146726,11.170418901468492,0.6921291202136378,6996,6996,2653
np025,240,robust,42,44,event42_timing44,power_weather_projection40,downward_timing,conditional_rps,0.16817006015864144,-1.4105414765058333,0.16583094588603695,6996,2653,2653
np025,240,robust,42,44,event42_timing44,power_weather_projection40,downward_timing,conditional_median_mae_minutes,56.11571805503204,-1.7009939542985908,55.17715793441387,6996,2653,2653
np025,240,robust,42,44,event42_timing44,power_noise40,state,return_brier,0.17304833505742795,4.6161788848624425,0.18142315230645012,6996,6996,2653
np025,240,robust,42,44,event42_timing44,power_noise40,state,multiclass_brier,0.648681354631991,6.277407540407487,0.6921291202136378,6996,6996,2653
np025,240,robust,42,44,event42_timing44,power_noise40,downward_timing,conditional_rps,0.16518563756746524,0.3891362466298509,0.16583094588603695,6996,2653,2653
np025,240,robust,42,44,event42_timing44,power_noise40,downward_timing,conditional_median_mae_minutes,55.00188465887674,0.3176554974894996,55.17715793441387,6996,2653,2653
np025,240,robust,43,45,event43_timing45,power20,state,return_brier,0.17282139280395106,4.741268902642282,0.18142315230645012,6996,6996,2653
np025,240,robust,43,45,event43_timing45,power20,state,multiclass_brier,0.6417616633696782,7.277176378363159,0.6921291202136378,6996,6996,2653
np025,240,robust,43,45,event43_timing45,power20,downward_timing,conditional_rps,0.16614736733388002,-0.19080965024498298,0.16583094588603695,6996,2653,2653
np025,240,robust,43,45,event43_timing45,power20,downward_timing,conditional_median_mae_minutes,55.43724085940445,-0.4713597704682826,55.17715793441387,6996,2653,2653
np025,240,robust,43,45,event43_timing45,weather_raw72,state,return_brier,0.17445723146564757,3.8395986136521842,0.18142315230645012,6996,6996,2653
np025,240,robust,43,45,event43_timing45,weather_raw72,state,multiclass_brier,0.6244385438928539,9.780050332211133,0.6921291202136378,6996,6996,2653
np025,240,robust,43,45,event43_timing45,weather_raw72,downward_timing,conditional_rps,0.17000310968827,-2.5159138904630396,0.16583094588603695,6996,2653,2653
np025,240,robust,43,45,event43_timing45,weather_raw72,downward_timing,conditional_median_mae_minutes,56.12137203166227,-1.7112409058305245,55.17715793441387,6996,2653,2653
np025,240,robust,43,45,event43_timing45,joint_raw88,state,return_brier,0.17193975122086955,5.2272275974798,0.18142315230645012,6996,6996,2653
np025,240,robust,43,45,event43_timing45,joint_raw88,state,multiclass_brier,0.6086296360296048,12.064148400266618,0.6921291202136378,6996,6996,2653
np025,240,robust,43,45,event43_timing45,joint_raw88,downward_timing,conditional_rps,0.17660552172190572,-6.497325199648385,0.16583094588603695,6996,2653,2653
np025,240,robust,43,45,event43_timing45,joint_raw88,downward_timing,conditional_median_mae_minutes,58.948360346777235,-6.834716671790142,55.17715793441387,6996,2653,2653
np025,240,robust,43,45,event43_timing45,weather_summary20,state,return_brier,0.17178020376378894,5.315169767512817,0.18142315230645012,6996,6996,2653
np025,240,robust,43,45,event43_timing45,weather_summary20,state,multiclass_brier,0.6121027138601595,11.56235217047027,0.6921291202136378,6996,6996,2653
np025,240,robust,43,45,event43_timing45,weather_summary20,downward_timing,conditional_rps,0.1676058167449096,-1.070289293346005,0.16583094588603695,6996,2653,2653
np025,240,robust,43,45,event43_timing45,weather_summary20,downward_timing,conditional_median_mae_minutes,56.27402940067848,-1.9879085971923338,55.17715793441387,6996,2653,2653
np025,240,robust,43,45,event43_timing45,weather_projection20,state,return_brier,0.17645429226208045,2.7388235631450986,0.18142315230645012,6996,6996,2653
np025,240,robust,43,45,event43_timing45,weather_projection20,state,multiclass_brier,0.6198672824973178,10.440514003227474,0.6921291202136378,6996,6996,2653
np025,240,robust,43,45,event43_timing45,weather_projection20,downward_timing,conditional_rps,0.17261458620074674,-4.090696268096838,0.16583094588603695,6996,2653,2653
np025,240,robust,43,45,event43_timing45,weather_projection20,downward_timing,conditional_median_mae_minutes,57.93629852996607,-5.000512347576591,55.17715793441387,6996,2653,2653
np025,240,robust,43,45,event43_timing45,noise20,state,return_brier,0.20723907369462638,-14.229673037854296,0.18142315230645012,6996,6996,2653
np025,240,robust,43,45,event43_timing45,noise20,state,multiclass_brier,0.8318593295819157,-20.188459824540782,0.6921291202136378,6996,6996,2653
np025,240,robust,43,45,event43_timing45,noise20,downward_timing,conditional_rps,0.16767913253035854,-1.1145004537281622,0.16583094588603695,6996,2653,2653
np025,240,robust,43,45,event43_timing45,noise20,downward_timing,conditional_median_mae_minutes,56.189219751225025,-1.8342043242135508,55.17715793441387,6996,2653,2653
np025,240,robust,43,45,event43_timing45,power_weather_summary40,state,return_brier,0.17073411599660895,5.891770798792995,0.18142315230645012,6996,6996,2653
np025,240,robust,43,45,event43_timing45,power_weather_summary40,state,multiclass_brier,0.6000061679983191,13.310081822143726,0.6921291202136378,6996,6996,2653
np025,240,robust,43,45,event43_timing45,power_weather_summary40,downward_timing,conditional_rps,0.1688116612373216,-1.7974421694085363,0.16583094588603695,6996,2653,2653
np025,240,robust,43,45,event43_timing45,power_weather_summary40,downward_timing,conditional_median_mae_minutes,56.22314361100641,-1.895686033405064,55.17715793441387,6996,2653,2653
np025,240,robust,43,45,event43_timing45,power_weather_projection40,state,return_brier,0.17362602883665573,4.297755479754817,0.18142315230645012,6996,6996,2653
np025,240,robust,43,45,event43_timing45,power_weather_projection40,state,multiclass_brier,0.6136611065270012,11.33719293047749,0.6921291202136378,6996,6996,2653
np025,240,robust,43,45,event43_timing45,power_weather_projection40,downward_timing,conditional_rps,0.16877188025035555,-1.773453289194693,0.16583094588603695,6996,2653,2653
np025,240,robust,43,45,event43_timing45,power_weather_projection40,downward_timing,conditional_median_mae_minutes,56.460610629476065,-2.3260579977456786,55.17715793441387,6996,2653,2653
np025,240,robust,43,45,event43_timing45,power_noise40,state,return_brier,0.17315303584765487,4.558468064112242,0.18142315230645012,6996,6996,2653
np025,240,robust,43,45,event43_timing45,power_noise40,state,multiclass_brier,0.6498352337827945,6.110693105614251,0.6921291202136378,6996,6996,2653
np025,240,robust,43,45,event43_timing45,power_noise40,downward_timing,conditional_rps,0.1650018625869527,0.4999569258044345,0.16583094588603695,6996,2653,2653
np025,240,robust,43,45,event43_timing45,power_noise40,downward_timing,conditional_median_mae_minutes,54.94534489257445,0.42012501280868086,55.17715793441387,6996,2653,2653
np025,720,primary,41,43,event41_timing43,power20,state,return_brier,0.181834166110472,-0.24342989976158247,0.1813926022805655,6996,6996,2653
np025,720,primary,41,43,event41_timing43,power20,state,multiclass_brier,0.6887725529816229,0.4761963676778391,0.692068156404275,6996,6996,2653
np025,720,primary,41,43,event41_timing43,power20,downward_timing,conditional_rps,0.1693964082263413,-2.1500584955685076,0.16583094588603695,6996,2653,2653
np025,720,primary,41,43,event41_timing43,power20,downward_timing,conditional_median_mae_minutes,56.63022992838296,-2.6334665437032445,55.17715793441387,6996,2653,2653
np025,720,primary,41,43,event41_timing43,weather_raw72,state,return_brier,0.17358455501090375,4.3045014909620205,0.1813926022805655,6996,6996,2653
np025,720,primary,41,43,event41_timing43,weather_raw72,state,multiclass_brier,0.6224167858310834,10.064235715608394,0.692068156404275,6996,6996,2653
np025,720,primary,41,43,event41_timing43,weather_raw72,downward_timing,conditional_rps,0.17093569327677635,-3.078283949635985,0.16583094588603695,6996,2653,2653
np025,720,primary,41,43,event41_timing43,weather_raw72,downward_timing,conditional_median_mae_minutes,56.66415378816434,-2.6949482528947577,55.17715793441387,6996,2653,2653
np025,720,primary,41,43,event41_timing43,joint_raw88,state,return_brier,0.1746784792273339,3.7014315737345593,0.1813926022805655,6996,6996,2653
np025,720,primary,41,43,event41_timing43,joint_raw88,state,multiclass_brier,0.6214292345521085,10.206931383634188,0.692068156404275,6996,6996,2653
np025,720,primary,41,43,event41_timing43,joint_raw88,downward_timing,conditional_rps,0.1682036851354772,-1.430818136363321,0.16583094588603695,6996,2653,2653
np025,720,primary,41,43,event41_timing43,joint_raw88,downward_timing,conditional_median_mae_minutes,55.82171127026008,-1.168152474638795,55.17715793441387,6996,2653,2653
np025,720,primary,41,43,event41_timing43,weather_summary20,state,return_brier,0.17069402886579377,5.8980208014348445,0.1813926022805655,6996,6996,2653
np025,720,primary,41,43,event41_timing43,weather_summary20,state,multiclass_brier,0.6088934006447579,12.018289671303716,0.692068156404275,6996,6996,2653
np025,720,primary,41,43,event41_timing43,weather_summary20,downward_timing,conditional_rps,0.16706048694034722,-0.7414424658442442,0.16583094588603695,6996,2653,2653
np025,720,primary,41,43,event41_timing43,weather_summary20,downward_timing,conditional_median_mae_minutes,56.03090840557859,-1.5472896813198078,55.17715793441387,6996,2653,2653
np025,720,primary,41,43,event41_timing43,weather_projection20,state,return_brier,0.17610396326197772,2.915575912190549,0.1813926022805655,6996,6996,2653
np025,720,primary,41,43,event41_timing43,weather_projection20,state,multiclass_brier,0.6179032536272783,10.716416019244345,0.692068156404275,6996,6996,2653
np025,720,primary,41,43,event41_timing43,weather_projection20,downward_timing,conditional_rps,0.1724337671450191,-3.981658081791184,0.16583094588603695,6996,2653,2653
np025,720,primary,41,43,event41_timing43,weather_projection20,downward_timing,conditional_median_mae_minutes,57.70448548812665,-4.58038733476791,55.17715793441387,6996,2653,2653
np025,720,primary,41,43,event41_timing43,noise20,state,return_brier,0.20475262453794224,-12.878155979726813,0.1813926022805655,6996,6996,2653
np025,720,primary,41,43,event41_timing43,noise20,state,multiclass_brier,0.8181189914157891,-18.21364468875821,0.692068156404275,6996,6996,2653
np025,720,primary,41,43,event41_timing43,noise20,downward_timing,conditional_rps,0.1678359861173964,-1.2090868930684229,0.16583094588603695,6996,2653,2653
np025,720,primary,41,43,event41_timing43,noise20,downward_timing,conditional_median_mae_minutes,56.15529589144365,-1.7727226150220377,55.17715793441387,6996,2653,2653
np025,720,primary,41,43,event41_timing43,power_weather_summary40,state,return_brier,0.17237046795269473,4.97381602912117,0.1813926022805655,6996,6996,2653
np025,720,primary,41,43,event41_timing43,power_weather_summary40,state,multiclass_brier,0.6169989794162754,10.847078614053096,0.692068156404275,6996,6996,2653
np025,720,primary,41,43,event41_timing43,power_weather_summary40,downward_timing,conditional_rps,0.1683416275058437,-1.5140006627786695,0.16583094588603695,6996,2653,2653
np025,720,primary,41,43,event41_timing43,power_weather_summary40,downward_timing,conditional_median_mae_minutes,56.42668676969468,-2.264576288554143,55.17715793441387,6996,2653,2653
np025,720,primary,41,43,event41_timing43,power_weather_projection40,state,return_brier,0.17787990607407253,1.9365156915604365,0.1813926022805655,6996,6996,2653
np025,720,primary,41,43,event41_timing43,power_weather_projection40,state,multiclass_brier,0.6401213832714991,7.506019840975153,0.692068156404275,6996,6996,2653
np025,720,primary,41,43,event41_timing43,power_weather_projection40,downward_timing,conditional_rps,0.1710186686521146,-3.1283200722034055,0.16583094588603695,6996,2653,2653
np025,720,primary,41,43,event41_timing43,power_weather_projection40,downward_timing,conditional_median_mae_minutes,57.031662269129285,-3.3610001024695135,55.17715793441387,6996,2653,2653
np025,720,primary,41,43,event41_timing43,power_noise40,state,return_brier,0.18333584639867326,-1.071291824295062,0.1813926022805655,6996,6996,2653
np025,720,primary,41,43,event41_timing43,power_noise40,state,multiclass_brier,0.6958334174486911,-0.5440592822503199,0.692068156404275,6996,6996,2653
np025,720,primary,41,43,event41_timing43,power_noise40,downward_timing,conditional_rps,0.1678272585972407,-1.2038239910756365,0.16583094588603695,6996,2653,2653
np025,720,primary,41,43,event41_timing43,power_noise40,downward_timing,conditional_median_mae_minutes,56.324915190350545,-2.0801311609796036,55.17715793441387,6996,2653,2653
np025,720,robust,42,44,event42_timing44,power20,state,return_brier,0.18081633366616776,0.3176913540864357,0.1813926022805655,6996,6996,2653
np025,720,robust,42,44,event42_timing44,power20,state,multiclass_brier,0.682940696889462,1.3188671419641418,0.692068156404275,6996,6996,2653
np025,720,robust,42,44,event42_timing44,power20,downward_timing,conditional_rps,0.169557723633381,-2.2473355183689314,0.16583094588603695,6996,2653,2653
np025,720,robust,42,44,event42_timing44,power20,downward_timing,conditional_median_mae_minutes,56.66980776479457,-2.705195204426669,55.17715793441387,6996,2653,2653
np025,720,robust,42,44,event42_timing44,weather_raw72,state,return_brier,0.17349575706543385,4.353454945707957,0.1813926022805655,6996,6996,2653
np025,720,robust,42,44,event42_timing44,weather_raw72,state,multiclass_brier,0.6232371477512288,9.94569798019116,0.692068156404275,6996,6996,2653
np025,720,robust,42,44,event42_timing44,weather_raw72,downward_timing,conditional_rps,0.17204262707503373,-3.745791327310899,0.16583094588603695,6996,2653,2653
np025,720,robust,42,44,event42_timing44,weather_raw72,downward_timing,conditional_median_mae_minutes,57.167357708254805,-3.6069269392355885,55.17715793441387,6996,2653,2653
np025,720,robust,42,44,event42_timing44,joint_raw88,state,return_brier,0.1743917975395481,3.8594764356426503,0.1813926022805655,6996,6996,2653
np025,720,robust,42,44,event42_timing44,joint_raw88,state,multiclass_brier,0.6214182709325019,10.208515565698505,0.692068156404275,6996,6996,2653
np025,720,robust,42,44,event42_timing44,joint_raw88,downward_timing,conditional_rps,0.17120822490891274,-3.24262699832345,0.16583094588603695,6996,2653,2653
np025,720,robust,42,44,event42_timing44,joint_raw88,downward_timing,conditional_median_mae_minutes,57.13343384847342,-3.545445230044053,55.17715793441387,6996,2653,2653
np025,720,robust,42,44,event42_timing44,weather_summary20,state,return_brier,0.17039646654371313,6.06206405255949,0.1813926022805655,6996,6996,2653
np025,720,robust,42,44,event42_timing44,weather_summary20,state,multiclass_brier,0.6075012964504841,12.219440985865958,0.692068156404275,6996,6996,2653
np025,720,robust,42,44,event42_timing44,weather_summary20,downward_timing,conditional_rps,0.1672390561981051,-0.8491239705259002,0.16583094588603695,6996,2653,2653
np025,720,robust,42,44,event42_timing44,weather_summary20,downward_timing,conditional_median_mae_minutes,55.736901620806634,-1.014448201660012,55.17715793441387,6996,2653,2653
np025,720,robust,42,44,event42_timing44,weather_projection20,state,return_brier,0.17640424815647632,2.7500317330326096,0.1813926022805655,6996,6996,2653
np025,720,robust,42,44,event42_timing44,weather_projection20,state,multiclass_brier,0.6226202757094313,10.034832559797092,0.692068156404275,6996,6996,2653
np025,720,robust,42,44,event42_timing44,weather_projection20,downward_timing,conditional_rps,0.17285247111166785,-4.234146520792481,0.16583094588603695,6996,2653,2653
np025,720,robust,42,44,event42_timing44,weather_projection20,downward_timing,conditional_median_mae_minutes,57.794949114210326,-4.744338559278605,55.17715793441387,6996,2653,2653
np025,720,robust,42,44,event42_timing44,noise20,state,return_brier,0.20701903640663755,-14.127607082032402,0.1813926022805655,6996,6996,2653
np025,720,robust,42,44,event42_timing44,noise20,state,multiclass_brier,0.8346887986066329,-20.607889682912294,0.692068156404275,6996,6996,2653
np025,720,robust,42,44,event42_timing44,noise20,downward_timing,conditional_rps,0.1678278806501567,-1.2041991037620159,0.16583094588603695,6996,2653,2653
np025,720,robust,42,44,event42_timing44,noise20,downward_timing,conditional_median_mae_minutes,56.27402940067848,-1.9879085971923338,55.17715793441387,6996,2653,2653
np025,720,robust,42,44,event42_timing44,power_weather_summary40,state,return_brier,0.17285173817752456,4.708496375078475,0.1813926022805655,6996,6996,2653
np025,720,robust,42,44,event42_timing44,power_weather_summary40,state,multiclass_brier,0.6178006170365435,10.731246435842035,0.692068156404275,6996,6996,2653
np025,720,robust,42,44,event42_timing44,power_weather_summary40,downward_timing,conditional_rps,0.16827714351021156,-1.4751152814720614,0.16583094588603695,6996,2653,2653
np025,720,robust,42,44,event42_timing44,power_weather_summary40,downward_timing,conditional_median_mae_minutes,56.11571805503204,-1.7009939542985908,55.17715793441387,6996,2653,2653
np025,720,robust,42,44,event42_timing44,power_weather_projection40,state,return_brier,0.17804961346606935,1.8429576357945732,0.1813926022805655,6996,6996,2653
np025,720,robust,42,44,event42_timing44,power_weather_projection40,state,multiclass_brier,0.6386486038569895,7.718828276225464,0.692068156404275,6996,6996,2653
np025,720,robust,42,44,event42_timing44,power_weather_projection40,downward_timing,conditional_rps,0.1709036152790862,-3.058940154954737,0.16583094588603695,6996,2653,2653
np025,720,robust,42,44,event42_timing44,power_weather_projection40,downward_timing,conditional_median_mae_minutes,57.048624199019976,-3.39174095706527,55.17715793441387,6996,2653,2653
np025,720,robust,42,44,event42_timing44,power_noise40,state,return_brier,0.1838408810246164,-1.3497125644981178,0.1813926022805655,6996,6996,2653
np025,720,robust,42,44,event42_timing44,power_noise40,state,multiclass_brier,0.6987774373449712,-0.9694537855281737,0.692068156404275,6996,6996,2653
np025,720,robust,42,44,event42_timing44,power_noise40,downward_timing,conditional_rps,0.1679102580896323,-1.2538746567991588,0.16583094588603695,6996,2653,2653
np025,720,robust,42,44,event42_timing44,power_noise40,downward_timing,conditional_median_mae_minutes,56.341877120241236,-2.11087201557536,55.17715793441387,6996,2653,2653
np025,720,robust,43,45,event43_timing45,power20,state,return_brier,0.18275539878361702,-0.7512966272701815,0.1813926022805655,6996,6996,2653
np025,720,robust,43,45,event43_timing45,power20,state,multiclass_brier,0.6905776960624506,0.21536323092342657,0.692068156404275,6996,6996,2653
np025,720,robust,43,45,event43_timing45,power20,downward_timing,conditional_rps,0.16940482717061184,-2.155135318971735,0.16583094588603695,6996,2653,2653
np025,720,robust,43,45,event43_timing45,power20,downward_timing,conditional_median_mae_minutes,56.70373162457595,-2.7666769136182046,55.17715793441387,6996,2653,2653
np025,720,robust,43,45,event43_timing45,weather_raw72,state,return_brier,0.17414723940672375,3.994298986148914,0.1813926022805655,6996,6996,2653
np025,720,robust,43,45,event43_timing45,weather_raw72,state,multiclass_brier,0.6234004994191804,9.922094572573004,0.692068156404275,6996,6996,2653
np025,720,robust,43,45,event43_timing45,weather_raw72,downward_timing,conditional_rps,0.17000310968827,-2.5159138904630396,0.16583094588603695,6996,2653,2653
np025,720,robust,43,45,event43_timing45,weather_raw72,downward_timing,conditional_median_mae_minutes,56.12137203166227,-1.7112409058305245,55.17715793441387,6996,2653,2653
np025,720,robust,43,45,event43_timing45,joint_raw88,state,return_brier,0.17545825598688458,3.271548133204505,0.1813926022805655,6996,6996,2653
np025,720,robust,43,45,event43_timing45,joint_raw88,state,multiclass_brier,0.6223466183807539,10.074374521978857,0.692068156404275,6996,6996,2653
np025,720,robust,43,45,event43_timing45,joint_raw88,downward_timing,conditional_rps,0.16886637303109162,-1.830434680834947,0.16583094588603695,6996,2653,2653
np025,720,robust,43,45,event43_timing45,joint_raw88,downward_timing,conditional_median_mae_minutes,56.33056916698078,-2.0903781125115373,55.17715793441387,6996,2653,2653
np025,720,robust,43,45,event43_timing45,weather_summary20,state,return_brier,0.17106504517059007,5.693483074905936,0.1813926022805655,6996,6996,2653
np025,720,robust,43,45,event43_timing45,weather_summary20,state,multiclass_brier,0.6103609018821445,11.806243903295666,0.692068156404275,6996,6996,2653
np025,720,robust,43,45,event43_timing45,weather_summary20,downward_timing,conditional_rps,0.1676058167449096,-1.070289293346005,0.16583094588603695,6996,2653,2653
np025,720,robust,43,45,event43_timing45,weather_summary20,downward_timing,conditional_median_mae_minutes,56.27402940067848,-1.9879085971923338,55.17715793441387,6996,2653,2653
np025,720,robust,43,45,event43_timing45,weather_projection20,state,return_brier,0.17769572062048192,2.0380553636721643,0.1813926022805655,6996,6996,2653
np025,720,robust,43,45,event43_timing45,weather_projection20,state,multiclass_brier,0.6231370449671351,9.960162275819762,0.692068156404275,6996,6996,2653
np025,720,robust,43,45,event43_timing45,weather_projection20,downward_timing,conditional_rps,0.17265468355768984,-4.11487592692279,0.16583094588603695,6996,2653,2653
np025,720,robust,43,45,event43_timing45,weather_projection20,downward_timing,conditional_median_mae_minutes,57.891066716924236,-4.918536735321233,55.17715793441387,6996,2653,2653
np025,720,robust,43,45,event43_timing45,noise20,state,return_brier,0.2046129652155016,-12.801163136201366,0.1813926022805655,6996,6996,2653
np025,720,robust,43,45,event43_timing45,noise20,state,multiclass_brier,0.8132728362644652,-17.513402218926522,0.692068156404275,6996,6996,2653
np025,720,robust,43,45,event43_timing45,noise20,downward_timing,conditional_rps,0.16767913253035854,-1.1145004537281622,0.16583094588603695,6996,2653,2653
np025,720,robust,43,45,event43_timing45,noise20,downward_timing,conditional_median_mae_minutes,56.189219751225025,-1.8342043242135508,55.17715793441387,6996,2653,2653
np025,720,robust,43,45,event43_timing45,power_weather_summary40,state,return_brier,0.17199670988206872,5.179865264826988,0.1813926022805655,6996,6996,2653
np025,720,robust,43,45,event43_timing45,power_weather_summary40,state,multiclass_brier,0.6143031826386938,11.23660625705114,0.692068156404275,6996,6996,2653
np025,720,robust,43,45,event43_timing45,power_weather_summary40,downward_timing,conditional_rps,0.16773530073500417,-1.1483712155124115,0.16583094588603695,6996,2653,2653
np025,720,robust,43,45,event43_timing45,power_weather_summary40,downward_timing,conditional_median_mae_minutes,56.206181681115716,-1.8649451788093074,55.17715793441387,6996,2653,2653
np025,720,robust,43,45,event43_timing45,power_weather_projection40,state,return_brier,0.17760992263564387,2.0853549689258233,0.1813926022805655,6996,6996,2653
np025,720,robust,43,45,event43_timing45,power_weather_projection40,state,multiclass_brier,0.6387052135595922,7.710648489006711,0.692068156404275,6996,6996,2653
np025,720,robust,43,45,event43_timing45,power_weather_projection40,downward_timing,conditional_rps,0.17021746747490757,-2.645176728283971,0.16583094588603695,6996,2653,2653
np025,720,robust,43,45,event43_timing45,power_weather_projection40,downward_timing,conditional_median_mae_minutes,56.77157934413871,-2.889640332001231,55.17715793441387,6996,2653,2653
np025,720,robust,43,45,event43_timing45,power_noise40,state,return_brier,0.18379409916075037,-1.3239221721238703,0.1813926022805655,6996,6996,2653
np025,720,robust,43,45,event43_timing45,power_noise40,state,multiclass_brier,0.6974917982537775,-0.7836860863071227,0.692068156404275,6996,6996,2653
np025,720,robust,43,45,event43_timing45,power_noise40,downward_timing,conditional_rps,0.16785886571561937,-1.2228838343454118,0.16583094588603695,6996,2653,2653
np025,720,robust,43,45,event43_timing45,power_noise40,downward_timing,conditional_median_mae_minutes,56.302299283829626,-2.0391433548519355,55.17715793441387,6996,2653,2653
np028,15,primary,41,43,event41_timing43,power20,state,return_brier,0.16125289115239133,2.7010056699167118,0.165729247524745,3772,3772,1328
np028,15,primary,41,43,event41_timing43,power20,state,multiclass_brier,0.6197388364027006,8.686823216591,0.6786959541148097,3772,3772,1328
np028,15,primary,41,43,event41_timing43,power20,downward_timing,conditional_rps,0.15383879324386202,7.197078146835157,0.16576934235677374,3772,1328,1328
np028,15,primary,41,43,event41_timing43,power20,downward_timing,conditional_median_mae_minutes,50.7605421686747,8.192032686414707,55.289909638554214,3772,1328,1328
np028,15,primary,41,43,event41_timing43,weather_raw72,state,return_brier,0.1597600141407932,3.6017983989582447,0.165729247524745,3772,3772,1328
np028,15,primary,41,43,event41_timing43,weather_raw72,state,multiclass_brier,0.6773085660285317,0.20441967833555452,0.6786959541148097,3772,3772,1328
np028,15,primary,41,43,event41_timing43,weather_raw72,downward_timing,conditional_rps,0.16891032741444476,-1.894792494809372,0.16576934235677374,3772,1328,1328
np028,15,primary,41,43,event41_timing43,weather_raw72,downward_timing,conditional_median_mae_minutes,56.18222891566265,-1.613891726251282,55.289909638554214,3772,1328,1328
np028,15,primary,41,43,event41_timing43,joint_raw88,state,return_brier,0.15410531438165548,7.013809159637885,0.165729247524745,3772,3772,1328
np028,15,primary,41,43,event41_timing43,joint_raw88,state,multiclass_brier,0.5836174340357096,14.009000569792162,0.6786959541148097,3772,3772,1328
np028,15,primary,41,43,event41_timing43,joint_raw88,downward_timing,conditional_rps,0.15569109194273278,6.0796829321734585,0.16576934235677374,3772,1328,1328
np028,15,primary,41,43,event41_timing43,joint_raw88,downward_timing,conditional_median_mae_minutes,52.02560240963855,5.903983656792644,55.289909638554214,3772,1328,1328
np028,15,primary,41,43,event41_timing43,weather_summary20,state,return_brier,0.1649504669425179,0.46991137283165507,0.165729247524745,3772,3772,1328
np028,15,primary,41,43,event41_timing43,weather_summary20,state,multiclass_brier,0.6850048737252566,-0.9295649358445734,0.6786959541148097,3772,3772,1328
np028,15,primary,41,43,event41_timing43,weather_summary20,downward_timing,conditional_rps,0.16466262735927004,0.6676234469952802,0.16576934235677374,3772,1328,1328
np028,15,primary,41,43,event41_timing43,weather_summary20,downward_timing,conditional_median_mae_minutes,55.368975903614455,-0.14300306435137689,55.289909638554214,3772,1328,1328
np028,15,primary,41,43,event41_timing43,weather_projection20,state,return_brier,0.16142814691141547,2.595257431967357,0.165729247524745,3772,3772,1328
np028,15,primary,41,43,event41_timing43,weather_projection20,state,multiclass_brier,0.7182601627581777,-5.829445188747262,0.6786959541148097,3772,3772,1328
np028,15,primary,41,43,event41_timing43,weather_projection20,downward_timing,conditional_rps,0.16663922874901269,-0.524757099154538,0.16576934235677374,3772,1328,1328
np028,15,primary,41,43,event41_timing43,weather_projection20,downward_timing,conditional_median_mae_minutes,56.1144578313253,-1.491317671092962,55.289909638554214,3772,1328,1328
np028,15,primary,41,43,event41_timing43,noise20,state,return_brier,0.17959139471090854,-8.364333630425612,0.165729247524745,3772,3772,1328
np028,15,primary,41,43,event41_timing43,noise20,state,multiclass_brier,0.8056756741566913,-18.709367467424375,0.6786959541148097,3772,3772,1328
np028,15,primary,41,43,event41_timing43,noise20,downward_timing,conditional_rps,0.16368674963538757,1.2563195894835344,0.16576934235677374,3772,1328,1328
np028,15,primary,41,43,event41_timing43,noise20,downward_timing,conditional_median_mae_minutes,54.93975903614458,0.6332992849846675,55.289909638554214,3772,1328,1328
np028,15,primary,41,43,event41_timing43,power_weather_summary40,state,return_brier,0.15664711399411133,5.480103039312734,0.165729247524745,3772,3772,1328
np028,15,primary,41,43,event41_timing43,power_weather_summary40,state,multiclass_brier,0.5875245143917183,13.433325949614938,0.6786959541148097,3772,3772,1328
np028,15,primary,41,43,event41_timing43,power_weather_summary40,downward_timing,conditional_rps,0.1554725200444076,6.211535960735737,0.16576934235677374,3772,1328,1328
np028,15,primary,41,43,event41_timing43,power_weather_summary40,downward_timing,conditional_median_mae_minutes,51.85617469879518,6.210418794688454,55.289909638554214,3772,1328,1328
np028,15,primary,41,43,event41_timing43,power_weather_projection40,state,return_brier,0.1595489261665982,3.7291675732878837,0.165729247524745,3772,3772,1328
np028,15,primary,41,43,event41_timing43,power_weather_projection40,state,multiclass_brier,0.6240227412892365,8.05562674922392,0.6786959541148097,3772,3772,1328
np028,15,primary,41,43,event41_timing43,power_weather_projection40,downward_timing,conditional_rps,0.1563893829602111,5.658440374562634,0.16576934235677374,3772,1328,1328
np028,15,primary,41,43,event41_timing43,power_weather_projection40,downward_timing,conditional_median_mae_minutes,51.94653614457831,6.046986721144021,55.289909638554214,3772,1328,1328
np028,15,primary,41,43,event41_timing43,power_noise40,state,return_brier,0.1632103114716053,1.5199103904478761,0.165729247524745,3772,3772,1328
np028,15,primary,41,43,event41_timing43,power_noise40,state,multiclass_brier,0.6305591375798435,7.092545084897206,0.6786959541148097,3772,3772,1328
np028,15,primary,41,43,event41_timing43,power_noise40,downward_timing,conditional_rps,0.1535812008440104,7.352470209196859,0.16576934235677374,3772,1328,1328
np028,15,primary,41,43,event41_timing43,power_noise40,downward_timing,conditional_median_mae_minutes,50.78313253012048,8.151174668028593,55.289909638554214,3772,1328,1328
np028,15,robust,42,44,event42_timing44,power20,state,return_brier,0.16029633688339245,3.278184582682886,0.165729247524745,3772,3772,1328
np028,15,robust,42,44,event42_timing44,power20,state,multiclass_brier,0.6206686819423427,8.549818489510386,0.6786959541148097,3772,3772,1328
np028,15,robust,42,44,event42_timing44,power20,downward_timing,conditional_rps,0.15355084005893677,7.370785287631742,0.16576934235677374,3772,1328,1328
np028,15,robust,42,44,event42_timing44,power20,downward_timing,conditional_median_mae_minutes,50.602409638554214,8.478038815117472,55.289909638554214,3772,1328,1328
np028,15,robust,42,44,event42_timing44,weather_raw72,state,return_brier,0.16048420960297133,3.1648233489930844,0.165729247524745,3772,3772,1328
np028,15,robust,42,44,event42_timing44,weather_raw72,state,multiclass_brier,0.6722321780409698,0.9523817012096703,0.6786959541148097,3772,3772,1328
np028,15,robust,42,44,event42_timing44,weather_raw72,downward_timing,conditional_rps,0.16913907781101478,-2.032785680592619,0.16576934235677374,3772,1328,1328
np028,15,robust,42,44,event42_timing44,weather_raw72,downward_timing,conditional_median_mae_minutes,56.64533132530121,-2.4514811031665085,55.289909638554214,3772,1328,1328
np028,15,robust,42,44,event42_timing44,joint_raw88,state,return_brier,0.1546045758729945,6.712557872495905,0.165729247524745,3772,3772,1328
np028,15,robust,42,44,event42_timing44,joint_raw88,state,multiclass_brier,0.5846181580163624,13.861552515242026,0.6786959541148097,3772,3772,1328
np028,15,robust,42,44,event42_timing44,joint_raw88,downward_timing,conditional_rps,0.15627581773873692,5.726948350681493,0.16576934235677374,3772,1328,1328
np028,15,robust,42,44,event42_timing44,joint_raw88,downward_timing,conditional_median_mae_minutes,51.878765060240966,6.16956077630234,55.289909638554214,3772,1328,1328
np028,15,robust,42,44,event42_timing44,weather_summary20,state,return_brier,0.16388278540264375,1.114143791563127,0.165729247524745,3772,3772,1328
np028,15,robust,42,44,event42_timing44,weather_summary20,state,multiclass_brier,0.6898222550842747,-1.6393645640597088,0.6786959541148097,3772,3772,1328
np028,15,robust,42,44,event42_timing44,weather_summary20,downward_timing,conditional_rps,0.16484583622780094,0.557103090259714,0.16576934235677374,3772,1328,1328
np028,15,robust,42,44,event42_timing44,weather_summary20,downward_timing,conditional_median_mae_minutes,55.15436746987952,0.24514811031665085,55.289909638554214,3772,1328,1328
np028,15,robust,42,44,event42_timing44,weather_projection20,state,return_brier,0.16146089539520203,2.575497199977128,0.165729247524745,3772,3772,1328
np028,15,robust,42,44,event42_timing44,weather_projection20,state,multiclass_brier,0.7144018878619492,-5.260961632474892,0.6786959541148097,3772,3772,1328
np028,15,robust,42,44,event42_timing44,weather_projection20,downward_timing,conditional_rps,0.1677794862513408,-1.2126149901956929,0.16576934235677374,3772,1328,1328
np028,15,robust,42,44,event42_timing44,weather_projection20,downward_timing,conditional_median_mae_minutes,56.6566265060241,-2.4719101123595655,55.289909638554214,3772,1328,1328
np028,15,robust,42,44,event42_timing44,noise20,state,return_brier,0.17955410997167565,-8.341836250035751,0.165729247524745,3772,3772,1328
np028,15,robust,42,44,event42_timing44,noise20,state,multiclass_brier,0.805060068145347,-18.618663226797636,0.6786959541148097,3772,3772,1328
np028,15,robust,42,44,event42_timing44,noise20,downward_timing,conditional_rps,0.16372412665586664,1.2337719820986748,0.16576934235677374,3772,1328,1328
np028,15,robust,42,44,event42_timing44,noise20,downward_timing,conditional_median_mae_minutes,54.88328313253012,0.7354443309499525,55.289909638554214,3772,1328,1328
np028,15,robust,42,44,event42_timing44,power_weather_summary40,state,return_brier,0.15765438252772196,4.8723234538414095,0.165729247524745,3772,3772,1328
np028,15,robust,42,44,event42_timing44,power_weather_summary40,state,multiclass_brier,0.5889261701550013,13.226804052028097,0.6786959541148097,3772,3772,1328
np028,15,robust,42,44,event42_timing44,power_weather_summary40,downward_timing,conditional_rps,0.15461965455823204,6.726025234838062,0.16576934235677374,3772,1328,1328
np028,15,robust,42,44,event42_timing44,power_weather_summary40,downward_timing,conditional_median_mae_minutes,51.47213855421687,6.905005107252293,55.289909638554214,3772,1328,1328
np028,15,robust,42,44,event42_timing44,power_weather_projection40,state,return_brier,0.15981081662980032,3.57114449220014,0.165729247524745,3772,3772,1328
np028,15,robust,42,44,event42_timing44,power_weather_projection40,state,multiclass_brier,0.6207088177032201,8.543904831025461,0.6786959541148097,3772,3772,1328
np028,15,robust,42,44,event42_timing44,power_weather_projection40,downward_timing,conditional_rps,0.1559906155048949,5.898995986141253,0.16576934235677374,3772,1328,1328
np028,15,robust,42,44,event42_timing44,power_weather_projection40,downward_timing,conditional_median_mae_minutes,52.20632530120482,5.577119509703776,55.289909638554214,3772,1328,1328
np028,15,robust,42,44,event42_timing44,power_noise40,state,return_brier,0.1631396525449859,1.5625455484991724,0.165729247524745,3772,3772,1328
np028,15,robust,42,44,event42_timing44,power_noise40,state,multiclass_brier,0.6319466897581422,6.888101229016508,0.6786959541148097,3772,3772,1328
np028,15,robust,42,44,event42_timing44,power_noise40,downward_timing,conditional_rps,0.15369620066331113,7.283096815018075,0.16576934235677374,3772,1328,1328
np028,15,robust,42,44,event42_timing44,power_noise40,downward_timing,conditional_median_mae_minutes,51.02033132530121,7.722165474974451,55.289909638554214,3772,1328,1328
np028,15,robust,43,45,event43_timing45,power20,state,return_brier,0.1608971653366541,2.915648420698591,0.165729247524745,3772,3772,1328
np028,15,robust,43,45,event43_timing45,power20,state,multiclass_brier,0.6195426439418997,8.715730484950468,0.6786959541148097,3772,3772,1328
np028,15,robust,43,45,event43_timing45,power20,downward_timing,conditional_rps,0.15326959788896416,7.540444023061421,0.16576934235677374,3772,1328,1328
np028,15,robust,43,45,event43_timing45,power20,downward_timing,conditional_median_mae_minutes,50.681475903614455,8.335035750766085,55.289909638554214,3772,1328,1328
np028,15,robust,43,45,event43_timing45,weather_raw72,state,return_brier,0.16124334523577982,2.706765616790352,0.165729247524745,3772,3772,1328
np028,15,robust,43,45,event43_timing45,weather_raw72,state,multiclass_brier,0.6825262512159481,-0.5643612692717737,0.6786959541148097,3772,3772,1328
np028,15,robust,43,45,event43_timing45,weather_raw72,downward_timing,conditional_rps,0.16861592768730552,-1.7171964912578774,0.16576934235677374,3772,1328,1328
np028,15,robust,43,45,event43_timing45,weather_raw72,downward_timing,conditional_median_mae_minutes,56.204819277108435,-1.654749744637396,55.289909638554214,3772,1328,1328
np028,15,robust,43,45,event43_timing45,joint_raw88,state,return_brier,0.15486819975004087,6.55348886024626,0.165729247524745,3772,3772,1328
np028,15,robust,43,45,event43_timing45,joint_raw88,state,multiclass_brier,0.5849963116909571,13.805834830128083,0.6786959541148097,3772,3772,1328
np028,15,robust,43,45,event43_timing45,joint_raw88,downward_timing,conditional_rps,0.15698762546026188,5.297551870364292,0.16576934235677374,3772,1328,1328
np028,15,robust,43,45,event43_timing45,joint_raw88,downward_timing,conditional_median_mae_minutes,52.10466867469879,5.760980592441268,55.289909638554214,3772,1328,1328
np028,15,robust,43,45,event43_timing45,weather_summary20,state,return_brier,0.16389525614208691,1.1066190247344565,0.165729247524745,3772,3772,1328
np028,15,robust,43,45,event43_timing45,weather_summary20,state,multiclass_brier,0.6961948416297465,-2.5783102741138153,0.6786959541148097,3772,3772,1328
np028,15,robust,43,45,event43_timing45,weather_summary20,downward_timing,conditional_rps,0.1638664955139482,1.1478882740152185,0.16576934235677374,3772,1328,1328
np028,15,robust,43,45,event43_timing45,weather_summary20,downward_timing,conditional_median_mae_minutes,55.32379518072289,-0.06128702757917104,55.289909638554214,3772,1328,1328
np028,15,robust,43,45,event43_timing45,weather_projection20,state,return_brier,0.16132169574276423,2.659489406854798,0.165729247524745,3772,3772,1328
np028,15,robust,43,45,event43_timing45,weather_projection20,state,multiclass_brier,0.7197412142063374,-6.0476653562877125,0.6786959541148097,3772,3772,1328
np028,15,robust,43,45,event43_timing45,weather_projection20,downward_timing,conditional_rps,0.16646265737420715,-0.4182407962633139,0.16576934235677374,3772,1328,1328
np028,15,robust,43,45,event43_timing45,weather_projection20,downward_timing,conditional_median_mae_minutes,56.204819277108435,-1.654749744637396,55.289909638554214,3772,1328,1328
np028,15,robust,43,45,event43_timing45,noise20,state,return_brier,0.18018529045026047,-8.722686635837796,0.165729247524745,3772,3772,1328
np028,15,robust,43,45,event43_timing45,noise20,state,multiclass_brier,0.809278196975172,-19.240168159050608,0.6786959541148097,3772,3772,1328
np028,15,robust,43,45,event43_timing45,noise20,downward_timing,conditional_rps,0.16363443133218536,1.28788049360391,0.16576934235677374,3772,1328,1328
np028,15,robust,43,45,event43_timing45,noise20,downward_timing,conditional_median_mae_minutes,54.73644578313253,1.0010214504596493,55.289909638554214,3772,1328,1328
np028,15,robust,43,45,event43_timing45,power_weather_summary40,state,return_brier,0.15811444386310236,4.594725297660974,0.165729247524745,3772,3772,1328
np028,15,robust,43,45,event43_timing45,power_weather_summary40,state,multiclass_brier,0.586868872151486,13.529929183545718,0.6786959541148097,3772,3772,1328
np028,15,robust,43,45,event43_timing45,power_weather_summary40,downward_timing,conditional_rps,0.15532164536290258,6.30255078854407,0.16576934235677374,3772,1328,1328
np028,15,robust,43,45,event43_timing45,power_weather_summary40,downward_timing,conditional_median_mae_minutes,51.48343373493976,6.884576098059236,55.289909638554214,3772,1328,1328
np028,15,robust,43,45,event43_timing45,power_weather_projection40,state,return_brier,0.15936092085289458,3.8426088134501213,0.165729247524745,3772,3772,1328
np028,15,robust,43,45,event43_timing45,power_weather_projection40,state,multiclass_brier,0.6202096629435535,8.617450983266428,0.6786959541148097,3772,3772,1328
np028,15,robust,43,45,event43_timing45,power_weather_projection40,downward_timing,conditional_rps,0.15633246580051077,5.692775528995364,0.16576934235677374,3772,1328,1328
np028,15,robust,43,45,event43_timing45,power_weather_projection40,downward_timing,conditional_median_mae_minutes,52.29668674698795,5.413687436159343,55.289909638554214,3772,1328,1328
np028,15,robust,43,45,event43_timing45,power_noise40,state,return_brier,0.16339484677195856,1.4085629348180584,0.165729247524745,3772,3772,1328
np028,15,robust,43,45,event43_timing45,power_noise40,state,multiclass_brier,0.6331566916091863,6.709817883770652,0.6786959541148097,3772,3772,1328
np028,15,robust,43,45,event43_timing45,power_noise40,downward_timing,conditional_rps,0.1537246845906555,7.26591394698024,0.16576934235677374,3772,1328,1328
np028,15,robust,43,45,event43_timing45,power_noise40,downward_timing,conditional_median_mae_minutes,51.21234939759036,7.374872318692538,55.289909638554214,3772,1328,1328
np028,240,primary,41,43,event41_timing43,power20,state,return_brier,0.17261571111089433,-4.162192746585003,0.16571820020230285,3772,3772,1328
np028,240,primary,41,43,event41_timing43,power20,state,multiclass_brier,0.7006876569753193,-3.2446614045696487,0.6786672041372074,3772,3772,1328
np028,240,primary,41,43,event41_timing43,power20,downward_timing,conditional_rps,0.16766590833909342,-1.130957237752206,0.16579088433319378,3772,1328,1328
np028,240,primary,41,43,event41_timing43,power20,downward_timing,conditional_median_mae_minutes,56.41942771084337,-2.0429009193054126,55.289909638554214,3772,1328,1328
np028,240,primary,41,43,event41_timing43,weather_raw72,state,return_brier,0.15963318667483722,3.6719041843546796,0.16571820020230285,3772,3772,1328
np028,240,primary,41,43,event41_timing43,weather_raw72,state,multiclass_brier,0.6705897641134416,1.1901915953099085,0.6786672041372074,3772,3772,1328
np028,240,primary,41,43,event41_timing43,weather_raw72,downward_timing,conditional_rps,0.16927183533193546,-2.099603372490577,0.16579088433319378,3772,1328,1328
np028,240,primary,41,43,event41_timing43,weather_raw72,downward_timing,conditional_median_mae_minutes,56.61144578313253,-2.3901940755873374,55.289909638554214,3772,1328,1328
np028,240,primary,41,43,event41_timing43,joint_raw88,state,return_brier,0.15665108967741972,5.471402968300598,0.16571820020230285,3772,3772,1328
np028,240,primary,41,43,event41_timing43,joint_raw88,state,multiclass_brier,0.6327752308755228,6.762073219675802,0.6786672041372074,3772,3772,1328
np028,240,primary,41,43,event41_timing43,joint_raw88,downward_timing,conditional_rps,0.16818021020368554,-1.441168421352934,0.16579088433319378,3772,1328,1328
np028,240,primary,41,43,event41_timing43,joint_raw88,downward_timing,conditional_median_mae_minutes,56.295180722891565,-1.81818181818183,55.289909638554214,3772,1328,1328
np028,240,primary,41,43,event41_timing43,weather_summary20,state,return_brier,0.16443064448120842,0.7769549268110687,0.16571820020230285,3772,3772,1328
np028,240,primary,41,43,event41_timing43,weather_summary20,state,multiclass_brier,0.6848263998850758,-0.9075428590510137,0.6786672041372074,3772,3772,1328
np028,240,primary,41,43,event41_timing43,weather_summary20,downward_timing,conditional_rps,0.16508720027763876,0.42444073954078787,0.16579088433319378,3772,1328,1328
np028,240,primary,41,43,event41_timing43,weather_summary20,downward_timing,conditional_median_mae_minutes,55.52710843373494,-0.42900919305413066,55.289909638554214,3772,1328,1328
np028,240,primary,41,43,event41_timing43,weather_projection20,state,return_brier,0.16273326447255138,1.8012117716144527,0.16571820020230285,3772,3772,1328
np028,240,primary,41,43,event41_timing43,weather_projection20,state,multiclass_brier,0.718518264634828,-5.871959077245159,0.6786672041372074,3772,3772,1328
np028,240,primary,41,43,event41_timing43,weather_projection20,downward_timing,conditional_rps,0.16790527946224304,-1.2753385914752169,0.16579088433319378,3772,1328,1328
np028,240,primary,41,43,event41_timing43,weather_projection20,downward_timing,conditional_median_mae_minutes,56.3855421686747,-1.9816138917262638,55.289909638554214,3772,1328,1328
np028,240,primary,41,43,event41_timing43,noise20,state,return_brier,0.17950185859242027,-8.317528414676723,0.16571820020230285,3772,3772,1328
np028,240,primary,41,43,event41_timing43,noise20,state,multiclass_brier,0.8119446086498928,-19.63810888462212,0.6786672041372074,3772,3772,1328
np028,240,primary,41,43,event41_timing43,noise20,downward_timing,conditional_rps,0.1640555027139629,1.0467292132559147,0.16579088433319378,3772,1328,1328
np028,240,primary,41,43,event41_timing43,noise20,downward_timing,conditional_median_mae_minutes,54.93975903614458,0.6332992849846675,55.289909638554214,3772,1328,1328
np028,240,primary,41,43,event41_timing43,power_weather_summary40,state,return_brier,0.1630371237220023,1.61785276271863,0.16571820020230285,3772,3772,1328
np028,240,primary,41,43,event41_timing43,power_weather_summary40,state,multiclass_brier,0.6541351952386348,3.614733222560862,0.6786672041372074,3772,3772,1328
np028,240,primary,41,43,event41_timing43,power_weather_summary40,downward_timing,conditional_rps,0.16791127264677752,-1.2789534974204875,0.16579088433319378,3772,1328,1328
np028,240,primary,41,43,event41_timing43,power_weather_summary40,downward_timing,conditional_median_mae_minutes,56.32906626506024,-1.8794688457609787,55.289909638554214,3772,1328,1328
np028,240,primary,41,43,event41_timing43,power_weather_projection40,state,return_brier,0.16452762690351008,0.7184324336973025,0.16571820020230285,3772,3772,1328
np028,240,primary,41,43,event41_timing43,power_weather_projection40,state,multiclass_brier,0.6804834692330423,-0.2676223463816685,0.6786672041372074,3772,3772,1328
np028,240,primary,41,43,event41_timing43,power_weather_projection40,downward_timing,conditional_rps,0.16869637827659043,-1.752505244834457,0.16579088433319378,3772,1328,1328
np028,240,primary,41,43,event41_timing43,power_weather_projection40,downward_timing,conditional_median_mae_minutes,56.83734939759036,-2.798774259448411,55.289909638554214,3772,1328,1328
np028,240,primary,41,43,event41_timing43,power_noise40,state,return_brier,0.17552098496097224,-5.915333829780001,0.16571820020230285,3772,3772,1328
np028,240,primary,41,43,event41_timing43,power_noise40,state,multiclass_brier,0.7176925209485844,-5.750287707064028,0.6786672041372074,3772,3772,1328
np028,240,primary,41,43,event41_timing43,power_noise40,downward_timing,conditional_rps,0.16607349750161476,-0.17046363529433783,0.16579088433319378,3772,1328,1328
np028,240,primary,41,43,event41_timing43,power_noise40,downward_timing,conditional_median_mae_minutes,55.89984939759036,-1.1031664964249233,55.289909638554214,3772,1328,1328
np028,240,robust,42,44,event42_timing44,power20,state,return_brier,0.1728364068491353,-4.295368063461225,0.16571820020230285,3772,3772,1328
np028,240,robust,42,44,event42_timing44,power20,state,multiclass_brier,0.7049225167286343,-3.8686579270918786,0.6786672041372074,3772,3772,1328
np028,240,robust,42,44,event42_timing44,power20,downward_timing,conditional_rps,0.1688027592723461,-1.8166710137689224,0.16579088433319378,3772,1328,1328
np028,240,robust,42,44,event42_timing44,power20,downward_timing,conditional_median_mae_minutes,56.81475903614458,-2.7579162410623193,55.289909638554214,3772,1328,1328
np028,240,robust,42,44,event42_timing44,weather_raw72,state,return_brier,0.16023754170768678,3.3072157964094906,0.16571820020230285,3772,3772,1328
np028,240,robust,42,44,event42_timing44,weather_raw72,state,multiclass_brier,0.6695755813005537,1.3396290230661578,0.6786672041372074,3772,3772,1328
np028,240,robust,42,44,event42_timing44,weather_raw72,downward_timing,conditional_rps,0.1688727245230297,-1.8588719170121948,0.16579088433319378,3772,1328,1328
np028,240,robust,42,44,event42_timing44,weather_raw72,downward_timing,conditional_median_mae_minutes,56.193524096385545,-1.634320735444339,55.289909638554214,3772,1328,1328
np028,240,robust,42,44,event42_timing44,joint_raw88,state,return_brier,0.1562431847325866,5.717546689590813,0.16571820020230285,3772,3772,1328
np028,240,robust,42,44,event42_timing44,joint_raw88,state,multiclass_brier,0.6290939318248668,7.304503887934777,0.6786672041372074,3772,3772,1328
np028,240,robust,42,44,event42_timing44,joint_raw88,downward_timing,conditional_rps,0.17028607275940089,-2.711360425084064,0.16579088433319378,3772,1328,1328
np028,240,robust,42,44,event42_timing44,joint_raw88,downward_timing,conditional_median_mae_minutes,57.04066265060241,-3.166496424923393,55.289909638554214,3772,1328,1328
np028,240,robust,42,44,event42_timing44,weather_summary20,state,return_brier,0.1638598230364325,1.1214080068463805,0.16571820020230285,3772,3772,1328
np028,240,robust,42,44,event42_timing44,weather_summary20,state,multiclass_brier,0.6865306621981557,-1.1586618615150535,0.6786672041372074,3772,3772,1328
np028,240,robust,42,44,event42_timing44,weather_summary20,downward_timing,conditional_rps,0.16469591263262326,0.6604535013939206,0.16579088433319378,3772,1328,1328
np028,240,robust,42,44,event42_timing44,weather_summary20,downward_timing,conditional_median_mae_minutes,55.256024096385545,0.061287027579148834,55.289909638554214,3772,1328,1328
np028,240,robust,42,44,event42_timing44,weather_projection20,state,return_brier,0.16251141496533159,1.9350833119455402,0.16571820020230285,3772,3772,1328
np028,240,robust,42,44,event42_timing44,weather_projection20,state,multiclass_brier,0.7112055324927766,-4.794445371341527,0.6786672041372074,3772,3772,1328
np028,240,robust,42,44,event42_timing44,weather_projection20,downward_timing,conditional_rps,0.16758642439610238,-1.0830149499052588,0.16579088433319378,3772,1328,1328
np028,240,robust,42,44,event42_timing44,weather_projection20,downward_timing,conditional_median_mae_minutes,56.55496987951807,-2.2880490296220524,55.289909638554214,3772,1328,1328
np028,240,robust,42,44,event42_timing44,noise20,state,return_brier,0.18009252538851053,-8.673956854865672,0.16571820020230285,3772,3772,1328
np028,240,robust,42,44,event42_timing44,noise20,state,multiclass_brier,0.8085058791193099,-19.131420258794883,0.6786672041372074,3772,3772,1328
np028,240,robust,42,44,event42_timing44,noise20,downward_timing,conditional_rps,0.1636417129672848,1.2963145558652855,0.16579088433319378,3772,1328,1328
np028,240,robust,42,44,event42_timing44,noise20,downward_timing,conditional_median_mae_minutes,54.77033132530121,0.9397344228804783,55.289909638554214,3772,1328,1328
np028,240,robust,42,44,event42_timing44,power_weather_summary40,state,return_brier,0.16245405648336936,1.9696953713887466,0.16571820020230285,3772,3772,1328
np028,240,robust,42,44,event42_timing44,power_weather_summary40,state,multiclass_brier,0.6496655822830506,4.273320071658193,0.6786672041372074,3772,3772,1328
np028,240,robust,42,44,event42_timing44,power_weather_summary40,downward_timing,conditional_rps,0.1695575093950697,-2.2719132460298885,0.16579088433319378,3772,1328,1328
np028,240,robust,42,44,event42_timing44,power_weather_summary40,downward_timing,conditional_median_mae_minutes,56.961596385542165,-3.023493360572016,55.289909638554214,3772,1328,1328
np028,240,robust,42,44,event42_timing44,power_weather_projection40,state,return_brier,0.16469540640545052,0.6171885740997252,0.16571820020230285,3772,3772,1328
np028,240,robust,42,44,event42_timing44,power_weather_projection40,state,multiclass_brier,0.6780902397983078,0.08501432445569002,0.6786672041372074,3772,3772,1328
np028,240,robust,42,44,event42_timing44,power_weather_projection40,downward_timing,conditional_rps,0.16965626553361896,-2.3314799338767234,0.16579088433319378,3772,1328,1328
np028,240,robust,42,44,event42_timing44,power_weather_projection40,downward_timing,conditional_median_mae_minutes,57.06325301204819,-3.207354443309507,55.289909638554214,3772,1328,1328
np028,240,robust,42,44,event42_timing44,power_noise40,state,return_brier,0.17429273786716185,-5.17416774644639,0.16571820020230285,3772,3772,1328
np028,240,robust,42,44,event42_timing44,power_noise40,state,multiclass_brier,0.7176059037961532,-5.7375248754577335,0.6786672041372074,3772,3772,1328
np028,240,robust,42,44,event42_timing44,power_noise40,downward_timing,conditional_rps,0.16661614273419717,-0.49777067317213763,0.16579088433319378,3772,1328,1328
np028,240,robust,42,44,event42_timing44,power_noise40,downward_timing,conditional_median_mae_minutes,55.911144578313255,-1.1235955056179803,55.289909638554214,3772,1328,1328
np028,240,robust,43,45,event43_timing45,power20,state,return_brier,0.17267219312468063,-4.19627591531202,0.16571820020230285,3772,3772,1328
np028,240,robust,43,45,event43_timing45,power20,state,multiclass_brier,0.6986872848759398,-2.949911328658361,0.6786672041372074,3772,3772,1328
np028,240,robust,43,45,event43_timing45,power20,downward_timing,conditional_rps,0.16837122653698722,-1.5563836420630084,0.16579088433319378,3772,1328,1328
np028,240,robust,43,45,event43_timing45,power20,downward_timing,conditional_median_mae_minutes,56.566265060240966,-2.3084780388151316,55.289909638554214,3772,1328,1328
np028,240,robust,43,45,event43_timing45,weather_raw72,state,return_brier,0.15981692207707818,3.56103199167056,0.16571820020230285,3772,3772,1328
np028,240,robust,43,45,event43_timing45,weather_raw72,state,multiclass_brier,0.6748315236808611,0.5651784015735073,0.6786672041372074,3772,3772,1328
np028,240,robust,43,45,event43_timing45,weather_raw72,downward_timing,conditional_rps,0.1681962845679714,-1.4508639871559037,0.16579088433319378,3772,1328,1328
np028,240,robust,43,45,event43_timing45,weather_raw72,downward_timing,conditional_median_mae_minutes,55.922439759036145,-1.1440245148110373,55.289909638554214,3772,1328,1328
np028,240,robust,43,45,event43_timing45,joint_raw88,state,return_brier,0.1566951638628848,5.444807105316773,0.16571820020230285,3772,3772,1328
np028,240,robust,43,45,event43_timing45,joint_raw88,state,multiclass_brier,0.6278502438742587,7.487758352424367,0.6786672041372074,3772,3772,1328
np028,240,robust,43,45,event43_timing45,joint_raw88,downward_timing,conditional_rps,0.16875154917607796,-1.7857826470929927,0.16579088433319378,3772,1328,1328
np028,240,robust,43,45,event43_timing45,joint_raw88,downward_timing,conditional_median_mae_minutes,56.62274096385542,-2.4106230847803944,55.289909638554214,3772,1328,1328
np028,240,robust,43,45,event43_timing45,weather_summary20,state,return_brier,0.16369876528264685,1.218595734922745,0.16571820020230285,3772,3772,1328
np028,240,robust,43,45,event43_timing45,weather_summary20,state,multiclass_brier,0.6934940694446425,-2.184703374061603,0.6786672041372074,3772,3772,1328
np028,240,robust,43,45,event43_timing45,weather_summary20,downward_timing,conditional_rps,0.16432967124102793,0.8813591278210575,0.16579088433319378,3772,1328,1328
np028,240,robust,43,45,event43_timing45,weather_summary20,downward_timing,conditional_median_mae_minutes,54.973644578313255,0.5720122574055075,55.289909638554214,3772,1328,1328
np028,240,robust,43,45,event43_timing45,weather_projection20,state,return_brier,0.16196964827341628,2.26200376561565,0.16571820020230285,3772,3772,1328
np028,240,robust,43,45,event43_timing45,weather_projection20,state,multiclass_brier,0.720821061263078,-6.211270688917558,0.6786672041372074,3772,3772,1328
np028,240,robust,43,45,event43_timing45,weather_projection20,downward_timing,conditional_rps,0.16628139134108388,-0.29585885247123134,0.16579088433319378,3772,1328,1328
np028,240,robust,43,45,event43_timing45,weather_projection20,downward_timing,conditional_median_mae_minutes,55.8433734939759,-1.0010214504596604,55.289909638554214,3772,1328,1328
np028,240,robust,43,45,event43_timing45,noise20,state,return_brier,0.1796666585538727,-8.416974318175118,0.16571820020230285,3772,3772,1328
np028,240,robust,43,45,event43_timing45,noise20,state,multiclass_brier,0.8123220784051964,-19.693728156188882,0.6786672041372074,3772,3772,1328
np028,240,robust,43,45,event43_timing45,noise20,downward_timing,conditional_rps,0.16374403017434888,1.2345999402061714,0.16579088433319378,3772,1328,1328
np028,240,robust,43,45,event43_timing45,noise20,downward_timing,conditional_median_mae_minutes,54.72515060240964,1.0214504596526952,55.289909638554214,3772,1328,1328
np028,240,robust,43,45,event43_timing45,power_weather_summary40,state,return_brier,0.1624054492834999,1.9990266094845777,0.16571820020230285,3772,3772,1328
np028,240,robust,43,45,event43_timing45,power_weather_summary40,state,multiclass_brier,0.6465454895271936,4.733058325818218,0.6786672041372074,3772,3772,1328
np028,240,robust,43,45,event43_timing45,power_weather_summary40,downward_timing,conditional_rps,0.1695813258630749,-2.2862786124376866,0.16579088433319378,3772,1328,1328
np028,240,robust,43,45,event43_timing45,power_weather_summary40,downward_timing,conditional_median_mae_minutes,57.11972891566265,-3.30949948927477,55.289909638554214,3772,1328,1328
np028,240,robust,43,45,event43_timing45,power_weather_projection40,state,return_brier,0.1648283896150706,0.5369419811137255,0.16571820020230285,3772,3772,1328
np028,240,robust,43,45,event43_timing45,power_weather_projection40,state,multiclass_brier,0.6740750168845344,0.676647880533876,0.6786672041372074,3772,3772,1328
np028,240,robust,43,45,event43_timing45,power_weather_projection40,downward_timing,conditional_rps,0.16977657590193135,-2.404047475087623,0.16579088433319378,3772,1328,1328
np028,240,robust,43,45,event43_timing45,power_weather_projection40,downward_timing,conditional_median_mae_minutes,57.67319277108434,-4.31052093973443,55.289909638554214,3772,1328,1328
np028,240,robust,43,45,event43_timing45,power_noise40,state,return_brier,0.17339354336022794,-4.6315631889287445,0.16571820020230285,3772,3772,1328
np028,240,robust,43,45,event43_timing45,power_noise40,state,multiclass_brier,0.7128549102769226,-5.037477268874113,0.6786672041372074,3772,3772,1328
np028,240,robust,43,45,event43_timing45,power_noise40,downward_timing,conditional_rps,0.16640507085876288,-0.37045856172330804,0.16579088433319378,3772,1328,1328
np028,240,robust,43,45,event43_timing45,power_noise40,downward_timing,conditional_median_mae_minutes,55.933734939759034,-1.1644535240040943,55.289909638554214,3772,1328,1328
np028,720,primary,41,43,event41_timing43,power20,state,return_brier,0.1773864929623324,-7.052642422457445,0.16570024704511202,3772,3772,1328
np028,720,primary,41,43,event41_timing43,power20,state,multiclass_brier,0.7688642855689477,-13.313669498379133,0.6785273912428947,3772,3772,1328
np028,720,primary,41,43,event41_timing43,power20,downward_timing,conditional_rps,0.16191593155724862,2.342268465436481,0.16579939858621692,3772,1328,1328
np028,720,primary,41,43,event41_timing43,power20,downward_timing,conditional_median_mae_minutes,54.08132530120482,2.1859039836567895,55.289909638554214,3772,1328,1328
np028,720,primary,41,43,event41_timing43,weather_raw72,state,return_brier,0.16054084590833495,3.1136955006303757,0.16570024704511202,3772,3772,1328
np028,720,primary,41,43,event41_timing43,weather_raw72,state,multiclass_brier,0.6757793271365491,0.40500415190488637,0.6785273912428947,3772,3772,1328
np028,720,primary,41,43,event41_timing43,weather_raw72,downward_timing,conditional_rps,0.1692562100361881,-2.084936060955367,0.16579939858621692,3772,1328,1328
np028,720,primary,41,43,event41_timing43,weather_raw72,downward_timing,conditional_median_mae_minutes,56.64533132530121,-2.4514811031665085,55.289909638554214,3772,1328,1328
np028,720,primary,41,43,event41_timing43,joint_raw88,state,return_brier,0.16116689663267633,2.7358742628799337,0.16570024704511202,3772,3772,1328
np028,720,primary,41,43,event41_timing43,joint_raw88,state,multiclass_brier,0.6725597511961523,0.8794987680322275,0.6785273912428947,3772,3772,1328
np028,720,primary,41,43,event41_timing43,joint_raw88,downward_timing,conditional_rps,0.1663036990546822,-0.3041630263833861,0.16579939858621692,3772,1328,1328
np028,720,primary,41,43,event41_timing43,joint_raw88,downward_timing,conditional_median_mae_minutes,55.40286144578313,-0.20429009193054792,55.289909638554214,3772,1328,1328
np028,720,primary,41,43,event41_timing43,weather_summary20,state,return_brier,0.16415780182304326,0.9308647691085414,0.16570024704511202,3772,3772,1328
np028,720,primary,41,43,event41_timing43,weather_summary20,state,multiclass_brier,0.6835418369182462,-0.7390189018259496,0.6785273912428947,3772,3772,1328
np028,720,primary,41,43,event41_timing43,weather_summary20,downward_timing,conditional_rps,0.1651124312916361,0.41433642126487147,0.16579939858621692,3772,1328,1328
np028,720,primary,41,43,event41_timing43,weather_summary20,downward_timing,conditional_median_mae_minutes,55.628765060240966,-0.6128702757916438,55.289909638554214,3772,1328,1328
np028,720,primary,41,43,event41_timing43,weather_projection20,state,return_brier,0.16309946398867844,1.569571019242666,0.16570024704511202,3772,3772,1328
np028,720,primary,41,43,event41_timing43,weather_projection20,state,multiclass_brier,0.7131122607449443,-5.097048394567927,0.6785273912428947,3772,3772,1328
np028,720,primary,41,43,event41_timing43,weather_projection20,downward_timing,conditional_rps,0.1675880985596943,-1.0788338128664865,0.16579939858621692,3772,1328,1328
np028,720,primary,41,43,event41_timing43,weather_projection20,downward_timing,conditional_median_mae_minutes,56.306475903614455,-1.8386108273748647,55.289909638554214,3772,1328,1328
np028,720,primary,41,43,event41_timing43,noise20,state,return_brier,0.1795332415580615,-8.348203916185737,0.16570024704511202,3772,3772,1328
np028,720,primary,41,43,event41_timing43,noise20,state,multiclass_brier,0.8129142217156804,-19.805660347273847,0.6785273912428947,3772,3772,1328
np028,720,primary,41,43,event41_timing43,noise20,downward_timing,conditional_rps,0.163723038574699,1.2523326557413283,0.16579939858621692,3772,1328,1328
np028,720,primary,41,43,event41_timing43,noise20,downward_timing,conditional_median_mae_minutes,54.73644578313253,1.0010214504596493,55.289909638554214,3772,1328,1328
np028,720,primary,41,43,event41_timing43,power_weather_summary40,state,return_brier,0.16770134279227933,-1.2076600867242604,0.16570024704511202,3772,3772,1328
np028,720,primary,41,43,event41_timing43,power_weather_summary40,state,multiclass_brier,0.7053974501113606,-3.96005514519413,0.6785273912428947,3772,3772,1328
np028,720,primary,41,43,event41_timing43,power_weather_summary40,downward_timing,conditional_rps,0.16271527555447876,1.8601533286831562,0.16579939858621692,3772,1328,1328
np028,720,primary,41,43,event41_timing43,power_weather_summary40,downward_timing,conditional_median_mae_minutes,54.38629518072289,1.6343207354443279,55.289909638554214,3772,1328,1328
np028,720,primary,41,43,event41_timing43,power_weather_projection40,state,return_brier,0.16602201377232098,-0.1941860274483176,0.16570024704511202,3772,3772,1328
np028,720,primary,41,43,event41_timing43,power_weather_projection40,state,multiclass_brier,0.724801451662422,-6.819777803629212,0.6785273912428947,3772,3772,1328
np028,720,primary,41,43,event41_timing43,power_weather_projection40,downward_timing,conditional_rps,0.16439988855066093,0.844098378817848,0.16579939858621692,3772,1328,1328
np028,720,primary,41,43,event41_timing43,power_weather_projection40,downward_timing,conditional_median_mae_minutes,54.623493975903614,1.2053115423901861,55.289909638554214,3772,1328,1328
np028,720,primary,41,43,event41_timing43,power_noise40,state,return_brier,0.17803066892909294,-7.441402233168648,0.16570024704511202,3772,3772,1328
np028,720,primary,41,43,event41_timing43,power_noise40,state,multiclass_brier,0.776922345252981,-14.501250101318819,0.6785273912428947,3772,3772,1328
np028,720,primary,41,43,event41_timing43,power_noise40,downward_timing,conditional_rps,0.16286350892370827,1.7707480772205408,0.16579939858621692,3772,1328,1328
np028,720,primary,41,43,event41_timing43,power_noise40,downward_timing,conditional_median_mae_minutes,54.36370481927711,1.6751787538304308,55.289909638554214,3772,1328,1328
np028,720,robust,42,44,event42_timing44,power20,state,return_brier,0.17686938832987456,-6.740570086007014,0.16570024704511202,3772,3772,1328
np028,720,robust,42,44,event42_timing44,power20,state,multiclass_brier,0.7683581040911556,-13.239069491905564,0.6785273912428947,3772,3772,1328
np028,720,robust,42,44,event42_timing44,power20,downward_timing,conditional_rps,0.16248664041630045,1.998051982193294,0.16579939858621692,3772,1328,1328
np028,720,robust,42,44,event42_timing44,power20,downward_timing,conditional_median_mae_minutes,54.126506024096386,2.1041879468845726,55.289909638554214,3772,1328,1328
np028,720,robust,42,44,event42_timing44,weather_raw72,state,return_brier,0.15993938893846102,3.476674422267223,0.16570024704511202,3772,3772,1328
np028,720,robust,42,44,event42_timing44,weather_raw72,state,multiclass_brier,0.6672284413400178,1.665216474486031,0.6785273912428947,3772,3772,1328
np028,720,robust,42,44,event42_timing44,weather_raw72,downward_timing,conditional_rps,0.16898927448917186,-1.9239369564396647,0.16579939858621692,3772,1328,1328
np028,720,robust,42,44,event42_timing44,weather_raw72,downward_timing,conditional_median_mae_minutes,56.62274096385542,-2.4106230847803944,55.289909638554214,3772,1328,1328
np028,720,robust,42,44,event42_timing44,joint_raw88,state,return_brier,0.16067172035157792,3.0347128523985134,0.16570024704511202,3772,3772,1328
np028,720,robust,42,44,event42_timing44,joint_raw88,state,multiclass_brier,0.6667867152961474,1.7303171689563301,0.6785273912428947,3772,3772,1328
np028,720,robust,42,44,event42_timing44,joint_raw88,downward_timing,conditional_rps,0.16693980418802062,-0.6878225201828458,0.16579939858621692,3772,1328,1328
np028,720,robust,42,44,event42_timing44,joint_raw88,downward_timing,conditional_median_mae_minutes,55.42545180722892,-0.24514811031666195,55.289909638554214,3772,1328,1328
np028,720,robust,42,44,event42_timing44,weather_summary20,state,return_brier,0.1648330848100411,0.5233318902866935,0.16570024704511202,3772,3772,1328
np028,720,robust,42,44,event42_timing44,weather_summary20,state,multiclass_brier,0.6856501276046595,-1.0497345359510968,0.6785273912428947,3772,3772,1328
np028,720,robust,42,44,event42_timing44,weather_summary20,downward_timing,conditional_rps,0.1649637668851907,0.5040016478658593,0.16579939858621692,3772,1328,1328
np028,720,robust,42,44,event42_timing44,weather_summary20,downward_timing,conditional_median_mae_minutes,55.3125,-0.040858018386114026,55.289909638554214,3772,1328,1328
np028,720,robust,42,44,event42_timing44,weather_projection20,state,return_brier,0.16296940371793192,1.6480623148598106,0.16570024704511202,3772,3772,1328
np028,720,robust,42,44,event42_timing44,weather_projection20,state,multiclass_brier,0.7145134267050102,-5.303549411055886,0.6785273912428947,3772,3772,1328
np028,720,robust,42,44,event42_timing44,weather_projection20,downward_timing,conditional_rps,0.16745879010338882,-1.000842904933097,0.16579939858621692,3772,1328,1328
np028,720,robust,42,44,event42_timing44,weather_projection20,downward_timing,conditional_median_mae_minutes,56.35165662650602,-1.9203268641470927,55.289909638554214,3772,1328,1328
np028,720,robust,42,44,event42_timing44,noise20,state,return_brier,0.18052027559972508,-8.943878370065605,0.16570024704511202,3772,3772,1328
np028,720,robust,42,44,event42_timing44,noise20,state,multiclass_brier,0.8187354915821693,-20.66358737300906,0.6785273912428947,3772,3772,1328
np028,720,robust,42,44,event42_timing44,noise20,downward_timing,conditional_rps,0.1638147049628881,1.1970451281804628,0.16579939858621692,3772,1328,1328
np028,720,robust,42,44,event42_timing44,noise20,downward_timing,conditional_median_mae_minutes,54.9058734939759,0.6945863125638385,55.289909638554214,3772,1328,1328
np028,720,robust,42,44,event42_timing44,power_weather_summary40,state,return_brier,0.16871029449283922,-1.8165618346409174,0.16570024704511202,3772,3772,1328
np028,720,robust,42,44,event42_timing44,power_weather_summary40,state,multiclass_brier,0.7116164944451605,-4.876605370588605,0.6785273912428947,3772,3772,1328
np028,720,robust,42,44,event42_timing44,power_weather_summary40,downward_timing,conditional_rps,0.16271575845920558,1.8598620702522162,0.16579939858621692,3772,1328,1328
np028,720,robust,42,44,event42_timing44,power_weather_summary40,downward_timing,conditional_median_mae_minutes,54.375,1.654749744637385,55.289909638554214,3772,1328,1328
np028,720,robust,42,44,event42_timing44,power_weather_projection40,state,return_brier,0.16675647128857152,-0.6374306992867229,0.16570024704511202,3772,3772,1328
np028,720,robust,42,44,event42_timing44,power_weather_projection40,state,multiclass_brier,0.7275419953837061,-7.223673616333848,0.6785273912428947,3772,3772,1328
np028,720,robust,42,44,event42_timing44,power_weather_projection40,downward_timing,conditional_rps,0.16456916371148658,0.7420020128062199,0.16579939858621692,3772,1328,1328
np028,720,robust,42,44,event42_timing44,power_weather_projection40,downward_timing,conditional_median_mae_minutes,55.064006024096386,0.40858018386107364,55.289909638554214,3772,1328,1328
np028,720,robust,42,44,event42_timing44,power_noise40,state,return_brier,0.17927666237722956,-8.193358533992612,0.16570024704511202,3772,3772,1328
np028,720,robust,42,44,event42_timing44,power_noise40,state,multiclass_brier,0.774055024711812,-14.07867017629667,0.6785273912428947,3772,3772,1328
np028,720,robust,42,44,event42_timing44,power_noise40,downward_timing,conditional_rps,0.16313620316336966,1.6062756834804737,0.16579939858621692,3772,1328,1328
np028,720,robust,42,44,event42_timing44,power_noise40,downward_timing,conditional_median_mae_minutes,54.45406626506024,1.511746680285997,55.289909638554214,3772,1328,1328
np028,720,robust,43,45,event43_timing45,power20,state,return_brier,0.177097161915936,-6.878031308982391,0.16570024704511202,3772,3772,1328
np028,720,robust,43,45,event43_timing45,power20,state,multiclass_brier,0.7664495965449334,-12.957797494510404,0.6785273912428947,3772,3772,1328
np028,720,robust,43,45,event43_timing45,power20,downward_timing,conditional_rps,0.1620814076635521,2.2424634554578438,0.16579939858621692,3772,1328,1328
np028,720,robust,43,45,event43_timing45,power20,downward_timing,conditional_median_mae_minutes,54.149096385542165,2.0633299284984696,55.289909638554214,3772,1328,1328
np028,720,robust,43,45,event43_timing45,weather_raw72,state,return_brier,0.15967535919320833,3.636016215632687,0.16570024704511202,3772,3772,1328
np028,720,robust,43,45,event43_timing45,weather_raw72,state,multiclass_brier,0.6694805959615018,1.333298463429966,0.6785273912428947,3772,3772,1328
np028,720,robust,43,45,event43_timing45,weather_raw72,downward_timing,conditional_rps,0.16769487900330074,-1.1432372090892429,0.16579939858621692,3772,1328,1328
np028,720,robust,43,45,event43_timing45,weather_raw72,downward_timing,conditional_median_mae_minutes,55.94503012048193,-1.1848825331971513,55.289909638554214,3772,1328,1328
np028,720,robust,43,45,event43_timing45,joint_raw88,state,return_brier,0.16010798668661055,3.37492578208346,0.16570024704511202,3772,3772,1328
np028,720,robust,43,45,event43_timing45,joint_raw88,state,multiclass_brier,0.6737798427932125,0.6996841263822717,0.6785273912428947,3772,3772,1328
np028,720,robust,43,45,event43_timing45,joint_raw88,downward_timing,conditional_rps,0.1661916487082268,-0.2365811488790781,0.16579939858621692,3772,1328,1328
np028,720,robust,43,45,event43_timing45,joint_raw88,downward_timing,conditional_median_mae_minutes,55.09789156626506,0.3472931562819137,55.289909638554214,3772,1328,1328
np028,720,robust,43,45,event43_timing45,weather_summary20,state,return_brier,0.1632400132360245,1.4847496325202991,0.16570024704511202,3772,3772,1328
np028,720,robust,43,45,event43_timing45,weather_summary20,state,multiclass_brier,0.6898160529821592,-1.6637002256587596,0.6785273912428947,3772,3772,1328
np028,720,robust,43,45,event43_timing45,weather_summary20,downward_timing,conditional_rps,0.1631262181168941,1.612298049400196,0.16579939858621692,3772,1328,1328
np028,720,robust,43,45,event43_timing45,weather_summary20,downward_timing,conditional_median_mae_minutes,54.702560240963855,1.0623084780388092,55.289909638554214,3772,1328,1328
np028,720,robust,43,45,event43_timing45,weather_projection20,state,return_brier,0.16139834420846536,2.59619578930107,0.16570024704511202,3772,3772,1328
np028,720,robust,43,45,event43_timing45,weather_projection20,state,multiclass_brier,0.7216054988243872,-6.348764712738264,0.6785273912428947,3772,3772,1328
np028,720,robust,43,45,event43_timing45,weather_projection20,downward_timing,conditional_rps,0.1661200380630943,-0.19339001203351192,0.16579939858621692,3772,1328,1328
np028,720,robust,43,45,event43_timing45,weather_projection20,downward_timing,conditional_median_mae_minutes,55.95632530120482,-1.2053115423902083,55.289909638554214,3772,1328,1328
np028,720,robust,43,45,event43_timing45,noise20,state,return_brier,0.17933530238233805,-8.228747742007814,0.16570024704511202,3772,3772,1328
np028,720,robust,43,45,event43_timing45,noise20,state,multiclass_brier,0.8125813709166922,-19.756605467060616,0.6785273912428947,3772,3772,1328
np028,720,robust,43,45,event43_timing45,noise20,downward_timing,conditional_rps,0.16365099576609948,1.2957844470106727,0.16579939858621692,3772,1328,1328
np028,720,robust,43,45,event43_timing45,noise20,downward_timing,conditional_median_mae_minutes,54.65737951807229,1.1440245148110262,55.289909638554214,3772,1328,1328
np028,720,robust,43,45,event43_timing45,power_weather_summary40,state,return_brier,0.16940907704015676,-2.2382766840625123,0.16570024704511202,3772,3772,1328
np028,720,robust,43,45,event43_timing45,power_weather_summary40,state,multiclass_brier,0.709607406255111,-4.580510000530014,0.6785273912428947,3772,3772,1328
np028,720,robust,43,45,event43_timing45,power_weather_summary40,downward_timing,conditional_rps,0.16229101966556647,2.116038387694197,0.16579939858621692,3772,1328,1328
np028,720,robust,43,45,event43_timing45,power_weather_summary40,downward_timing,conditional_median_mae_minutes,54.047439759036145,2.2471910112359494,55.289909638554214,3772,1328,1328
np028,720,robust,43,45,event43_timing45,power_weather_projection40,state,return_brier,0.1642848986728237,0.854161896272243,0.16570024704511202,3772,3772,1328
np028,720,robust,43,45,event43_timing45,power_weather_projection40,state,multiclass_brier,0.7308128159672344,-7.705720564731466,0.6785273912428947,3772,3772,1328
np028,720,robust,43,45,event43_timing45,power_weather_projection40,downward_timing,conditional_rps,0.1640502932060981,1.0549527893548238,0.16579939858621692,3772,1328,1328
np028,720,robust,43,45,event43_timing45,power_weather_projection40,downward_timing,conditional_median_mae_minutes,54.600903614457835,1.246169560776289,55.289909638554214,3772,1328,1328
np028,720,robust,43,45,event43_timing45,power_noise40,state,return_brier,0.17795430932592662,-7.395319258322175,0.16570024704511202,3772,3772,1328
np028,720,robust,43,45,event43_timing45,power_noise40,state,multiclass_brier,0.7717095163006162,-13.732993871777953,0.6785273912428947,3772,3772,1328
np028,720,robust,43,45,event43_timing45,power_noise40,downward_timing,conditional_rps,0.16323539884573307,1.5464469487508792,0.16579939858621692,3772,1328,1328
np028,720,robust,43,45,event43_timing45,power_noise40,downward_timing,conditional_median_mae_minutes,54.431475903614455,1.552604698672111,55.289909638554214,3772,1328,1328
